ds,station,demand
2025-09-01,Nairobi Central,79344.53
2025-09-02,Nairobi Central,75471.42
2025-09-03,Nairobi Central,80628.44
2025-09-04,Nairobi Central,81177.48
2025-09-05,Nairobi Central,82452.14
2025-09-06,Nairobi Central,84324.28
2025-09-07,Nairobi Central,88447.13
2025-09-08,Nairobi Central,77573.55
2025-09-09,Nairobi Central,78442.29
2025-09-10,Nairobi Central,76041.26
2025-09-11,Nairobi Central,81039.04
2025-09-12,Nairobi Central,90355.76
2025-09-13,Nairobi Central,88316.24
2025-09-14,Nairobi Central,91383.9
2025-09-15,Nairobi Central,79896.26
2025-09-16,Nairobi Central,76088.49
2025-09-17,Nairobi Central,79639.7
2025-09-18,Nairobi Central,75831.6
2025-09-19,Nairobi Central,90739.64
2025-09-20,Nairobi Central,88083.48
2025-09-21,Nairobi Central,87713.48
2025-09-22,Nairobi Central,76704.47
2025-09-23,Nairobi Central,82207.17
2025-09-24,Nairobi Central,78262.98
2025-09-25,Nairobi Central,77497.26
2025-09-26,Nairobi Central,87340.59
2025-09-27,Nairobi Central,89912.73
2025-09-28,Nairobi Central,89458.17
2025-09-29,Nairobi Central,80021.44
2025-09-30,Nairobi Central,80101.67
2025-10-01,Nairobi Central,85058.06
2025-10-02,Nairobi Central,77749.91
2025-10-03,Nairobi Central,87076.46
2025-10-04,Nairobi Central,86240.45
2025-10-05,Nairobi Central,90391.6
2025-10-06,Nairobi Central,82303.55
2025-10-07,Nairobi Central,78759.52
2025-10-08,Nairobi Central,76704.69
2025-10-09,Nairobi Central,76787.54
2025-10-10,Nairobi Central,90674.51
2025-10-11,Nairobi Central,90981.18
2025-10-12,Nairobi Central,90445.76
2025-10-13,Nairobi Central,77406.71
2025-10-14,Nairobi Central,80034.96
2025-10-15,Nairobi Central,79746.37
2025-10-16,Nairobi Central,80085.16
2025-10-17,Nairobi Central,91611.11
2025-10-18,Nairobi Central,89792.42
2025-10-19,Nairobi Central,91151.84
2025-10-20,Nairobi Central,90640.3
2025-10-21,Nairobi Central,80528.46
2025-10-22,Nairobi Central,81565.03
2025-10-23,Nairobi Central,75602.43
2025-10-24,Nairobi Central,88531.49
2025-10-25,Nairobi Central,88151.56
2025-10-26,Nairobi Central,87721.33
2025-10-27,Nairobi Central,79224.92
2025-10-28,Nairobi Central,84379.75
2025-10-29,Nairobi Central,77638.68
2025-10-30,Nairobi Central,82979.8
2025-10-31,Nairobi Central,85004.32
2025-11-01,Nairobi Central,88947.26
2025-11-02,Nairobi Central,90442.13
2025-11-03,Nairobi Central,82124.29
2025-11-04,Nairobi Central,82547.77
2025-11-05,Nairobi Central,82848.64
2025-11-06,Nairobi Central,79624.71
2025-11-07,Nairobi Central,88963.57
2025-11-08,Nairobi Central,92833.07
2025-11-09,Nairobi Central,89878.95
2025-11-10,Nairobi Central,77224.56
2025-11-11,Nairobi Central,77704.13
2025-11-12,Nairobi Central,78390.25
2025-11-13,Nairobi Central,82541.16
2025-11-14,Nairobi Central,91191.38
2025-11-15,Nairobi Central,92842.42
2025-11-16,Nairobi Central,89696.72
2025-11-17,Nairobi Central,81857.94
2025-11-18,Nairobi Central,83277.92
2025-11-19,Nairobi Central,80660.9
2025-11-20,Nairobi Central,82943.63
2025-11-21,Nairobi Central,89398.77
2025-11-22,Nairobi Central,90337.19
2025-11-23,Nairobi Central,90361.73
2025-11-24,Nairobi Central,78496.1
2025-11-25,Nairobi Central,83422.23
2025-11-26,Nairobi Central,80748.12
2025-11-27,Nairobi Central,82216.85
2025-11-28,Nairobi Central,93246.86
2025-11-29,Nairobi Central,93230.35
2025-11-30,Nairobi Central,93943.24
2025-12-01,Nairobi Central,82226.43
2025-12-02,Nairobi Central,81374.63
2025-12-03,Nairobi Central,82448.32
2025-12-04,Nairobi Central,77903.06
2025-12-05,Nairobi Central,88280.05
2025-12-06,Nairobi Central,88723.98
2025-12-07,Nairobi Central,89747.36
2025-12-08,Nairobi Central,84257.28
2025-12-09,Nairobi Central,80585.07
2025-12-10,Nairobi Central,82191.05
2025-12-11,Nairobi Central,87109.63
2025-12-12,Nairobi Central,106429.87
2025-12-13,Nairobi Central,95268.36
2025-12-14,Nairobi Central,90544.23
2025-12-15,Nairobi Central,83130.44
2025-12-16,Nairobi Central,81075.37
2025-12-17,Nairobi Central,82924.64
2025-12-18,Nairobi Central,86411.01
2025-12-19,Nairobi Central,88706.36
2025-12-20,Nairobi Central,95022.52
2025-12-21,Nairobi Central,94546.6
2025-12-22,Nairobi Central,103041.5
2025-12-23,Nairobi Central,100678.9
2025-12-24,Nairobi Central,105142.33
2025-12-25,Nairobi Central,103500.84
2025-12-26,Nairobi Central,115387.18
2025-12-27,Nairobi Central,114871.4
2025-12-28,Nairobi Central,119513.06
2025-12-29,Nairobi Central,104702.12
2025-12-30,Nairobi Central,102535.36
2025-12-31,Nairobi Central,106090.94
2026-01-01,Nairobi Central,102715.3
2026-01-02,Nairobi Central,115687.74
2026-01-03,Nairobi Central,97469.94
2026-01-04,Nairobi Central,96184.1
2026-01-05,Nairobi Central,89862.04
2026-01-06,Nairobi Central,82315.41
2026-01-07,Nairobi Central,83987.77
2026-01-08,Nairobi Central,83252.8
2026-01-09,Nairobi Central,94489.62
2026-01-10,Nairobi Central,91738.2
2026-01-11,Nairobi Central,97622.88
2026-01-12,Nairobi Central,85644.03
2026-01-13,Nairobi Central,82138.28
2026-01-14,Nairobi Central,83539.27
2026-01-15,Nairobi Central,87456.74
2026-01-16,Nairobi Central,98657.04
2026-01-17,Nairobi Central,102082.94
2026-01-18,Nairobi Central,104813.09
2026-01-19,Nairobi Central,88103.15
2026-01-20,Nairobi Central,84147.93
2026-01-21,Nairobi Central,80945.29
2026-01-22,Nairobi Central,87944.01
2026-01-23,Nairobi Central,94518.75
2026-01-24,Nairobi Central,95750.39
2026-01-25,Nairobi Central,95269.96
2026-01-26,Nairobi Central,87113.06
2026-01-27,Nairobi Central,90673.83
2026-01-28,Nairobi Central,88140.91
2026-01-29,Nairobi Central,87316.04
2026-01-30,Nairobi Central,94474.02
2026-01-31,Nairobi Central,92716.89
2026-02-01,Nairobi Central,96222.13
2026-02-02,Nairobi Central,87949.98
2026-02-03,Nairobi Central,93278.1
2026-02-04,Nairobi Central,88642.67
2026-02-05,Nairobi Central,91178.17
2026-02-06,Nairobi Central,96589.69
2026-02-07,Nairobi Central,94694.18
2026-02-08,Nairobi Central,95405.79
2026-02-09,Nairobi Central,86574.52
2026-02-10,Nairobi Central,94870.33
2026-02-11,Nairobi Central,86451.22
2026-02-12,Nairobi Central,91307.43
2026-02-13,Nairobi Central,95967.21
2026-02-14,Nairobi Central,101324.89
2026-02-15,Nairobi Central,99824.2
2026-02-16,Nairobi Central,88737.24
2026-02-17,Nairobi Central,89143.01
2026-02-18,Nairobi Central,87445.88
2026-02-19,Nairobi Central,90686.83
2026-02-20,Nairobi Central,97761.46
2026-02-21,Nairobi Central,95610.91
2026-02-22,Nairobi Central,95528.21
2026-02-23,Nairobi Central,90172.89
2026-02-24,Nairobi Central,94289.94
2026-02-25,Nairobi Central,90268.38
2026-02-26,Nairobi Central,89530.51
2026-02-27,Nairobi Central,100359.06
2026-02-28,Nairobi Central,103359.97
2026-03-01,Nairobi Central,100292.4
2026-03-02,Nairobi Central,88938.08
2026-03-03,Nairobi Central,93367.72
2026-03-04,Nairobi Central,91475.55
2026-03-05,Nairobi Central,94721.89
2026-03-06,Nairobi Central,100483.86
2026-03-07,Nairobi Central,96485.95
2026-03-08,Nairobi Central,96127.43
2026-03-09,Nairobi Central,95276.74
2026-03-10,Nairobi Central,95539.57
2026-03-11,Nairobi Central,90110.77
2026-03-12,Nairobi Central,89575.58
2026-03-13,Nairobi Central,104538.48
2026-03-14,Nairobi Central,97190.6
2026-03-15,Nairobi Central,97850.43
2026-03-16,Nairobi Central,92727.35
2026-03-17,Nairobi Central,89784.42
2026-03-18,Nairobi Central,90951.41
2026-03-19,Nairobi Central,90539.69
2026-03-20,Nairobi Central,101625.83
2026-03-21,Nairobi Central,104749.33
2026-03-22,Nairobi Central,100997.79
2026-03-23,Nairobi Central,93031.53
2026-03-24,Nairobi Central,85311.51
2026-03-25,Nairobi Central,91113.66
2026-03-26,Nairobi Central,88862.38
2026-03-27,Nairobi Central,97416.55
2026-03-28,Nairobi Central,98432.45
2026-03-29,Nairobi Central,100032.98
2026-03-30,Nairobi Central,94065.72
2026-03-31,Nairobi Central,87639.51
2026-04-01,Nairobi Central,91578.28
2026-04-02,Nairobi Central,90125.12
2026-04-03,Nairobi Central,115804.24
2026-04-04,Nairobi Central,119663.22
2026-04-05,Nairobi Central,118351.32
2026-04-06,Nairobi Central,111078.47
2026-04-07,Nairobi Central,91205.94
2026-04-08,Nairobi Central,89669.69
2026-04-09,Nairobi Central,91051.32
2026-04-10,Nairobi Central,102015.41
2026-04-11,Nairobi Central,101845.47
2026-04-12,Nairobi Central,98232.78
2026-04-13,Nairobi Central,92034.25
2026-04-14,Nairobi Central,92447.72
2026-04-15,Nairobi Central,99056.49
2026-04-16,Nairobi Central,97226.18
2026-04-17,Nairobi Central,98977.2
2026-04-18,Nairobi Central,100619.52
2026-04-19,Nairobi Central,97244.1
2026-04-20,Nairobi Central,90168.19
2026-04-21,Nairobi Central,92787.97
2026-04-22,Nairobi Central,95360.48
2026-04-23,Nairobi Central,89795.45
2026-04-24,Nairobi Central,99617.88
2026-04-25,Nairobi Central,95323.24
2026-04-26,Nairobi Central,101043.6
2026-04-27,Nairobi Central,88855.99
2026-04-28,Nairobi Central,90393.66
2026-04-29,Nairobi Central,89394.84
2026-04-30,Nairobi Central,91649.53
2026-05-01,Nairobi Central,106058.62
2026-05-02,Nairobi Central,97294.72
2026-05-03,Nairobi Central,107650.06
2026-05-04,Nairobi Central,88207.16
2026-05-05,Nairobi Central,88752.4
2026-05-06,Nairobi Central,97196.76
2026-05-07,Nairobi Central,100267.48
2026-05-08,Nairobi Central,98120.34
2026-05-09,Nairobi Central,100426.59
2026-05-10,Nairobi Central,102462.68
2026-05-11,Nairobi Central,96848.66
2026-05-12,Nairobi Central,89018.05
2026-05-13,Nairobi Central,91143.18
2026-05-14,Nairobi Central,94076.88
2026-05-15,Nairobi Central,102678.05
2026-05-16,Nairobi Central,100329.6
2026-05-17,Nairobi Central,101013.75
2026-05-18,Nairobi Central,87824.94
2026-05-19,Nairobi Central,91083.44
2026-05-20,Nairobi Central,90986.21
2026-05-21,Nairobi Central,92405.35
2026-05-22,Nairobi Central,99719.97
2026-05-23,Nairobi Central,102659.26
2026-05-24,Nairobi Central,104199.1
2026-05-25,Nairobi Central,92110.7
2026-05-26,Nairobi Central,92656.07
2026-05-27,Nairobi Central,91775.42
2026-05-28,Nairobi Central,91601.28
2026-05-29,Nairobi Central,99101.06
2026-05-30,Nairobi Central,102068.18
2026-05-31,Nairobi Central,100853.45
2026-06-01,Nairobi Central,109538.37
2026-06-02,Nairobi Central,96017.18
2026-06-03,Nairobi Central,92572.51
2026-06-04,Nairobi Central,89238.52
2026-06-05,Nairobi Central,97806.74
2026-06-06,Nairobi Central,104414.87
2026-06-07,Nairobi Central,101714.53
2026-06-08,Nairobi Central,92713.63
2026-06-09,Nairobi Central,86278.98
2026-06-10,Nairobi Central,93946.59
2026-06-11,Nairobi Central,92556.08
2026-06-12,Nairobi Central,97620.73
2026-06-13,Nairobi Central,99431.84
2026-06-14,Nairobi Central,101520.07
2026-06-15,Nairobi Central,91282.08
2026-06-16,Nairobi Central,90259.63
2026-06-17,Nairobi Central,90772.86
2026-06-18,Nairobi Central,90314.77
2026-06-19,Nairobi Central,101049.16
2026-06-20,Nairobi Central,104816.76
2026-06-21,Nairobi Central,93155.76
2026-06-22,Nairobi Central,90234.29
2026-06-23,Nairobi Central,91393.28
2026-06-24,Nairobi Central,91705.73
2026-06-25,Nairobi Central,89750.36
2026-06-26,Nairobi Central,95330.21
2026-06-27,Nairobi Central,101302.17
2026-06-28,Nairobi Central,105300.21
2026-06-29,Nairobi Central,86275.76
2026-06-30,Nairobi Central,93148.89
2026-07-01,Nairobi Central,89682.66
2026-07-02,Nairobi Central,90419.94
2026-07-03,Nairobi Central,97131.96
2026-07-04,Nairobi Central,99168.85
2026-07-05,Nairobi Central,103844.03
2026-07-06,Nairobi Central,92145.83
2026-07-07,Nairobi Central,95424.8
2026-07-08,Nairobi Central,93794.74
2026-07-09,Nairobi Central,91636.54
2026-07-10,Nairobi Central,104962.81
2026-07-11,Nairobi Central,101173.04
2026-07-12,Nairobi Central,102261.98
2026-07-13,Nairobi Central,89392.08
2026-07-14,Nairobi Central,90406.88
2026-07-15,Nairobi Central,88175.91
2026-07-16,Nairobi Central,93003.99
2026-07-17,Nairobi Central,96330.23
2026-07-18,Nairobi Central,101946.95
2026-07-19,Nairobi Central,99115.04
2026-07-20,Nairobi Central,93407.95
2026-07-21,Nairobi Central,92168.24
2026-07-22,Nairobi Central,95220.53
2026-07-23,Nairobi Central,92053.39
2026-07-24,Nairobi Central,94993.36
2026-07-25,Nairobi Central,99300.48
2026-07-26,Nairobi Central,96090.82
2026-07-27,Nairobi Central,88346.88
2026-07-28,Nairobi Central,94165.64
2026-07-29,Nairobi Central,91623.65
2026-07-30,Nairobi Central,87749.35
2026-07-31,Nairobi Central,96418.0
2026-08-01,Nairobi Central,99407.65
2026-08-02,Nairobi Central,95785.82
2026-08-03,Nairobi Central,87733.45
2026-08-04,Nairobi Central,90542.31
2026-08-05,Nairobi Central,92948.98
2026-08-06,Nairobi Central,91353.48
2026-08-07,Nairobi Central,92580.49
2026-08-08,Nairobi Central,100035.77
2026-08-09,Nairobi Central,99347.08
2026-08-10,Nairobi Central,90712.71
2026-08-11,Nairobi Central,94157.14
2026-08-12,Nairobi Central,83542.76
2026-08-13,Nairobi Central,87765.64
2026-08-14,Nairobi Central,100753.66
2026-08-15,Nairobi Central,94481.42
2026-08-16,Nairobi Central,103272.44
2026-08-17,Nairobi Central,90468.62
2026-08-18,Nairobi Central,91832.72
2026-08-19,Nairobi Central,87737.83
2026-08-20,Nairobi Central,91714.15
2026-08-21,Nairobi Central,102036.88
2026-08-22,Nairobi Central,99620.36
2026-08-23,Nairobi Central,99615.55
2026-08-24,Nairobi Central,90110.7
2026-08-25,Nairobi Central,86838.17
2026-08-26,Nairobi Central,88893.07
2026-08-27,Nairobi Central,88872.9
2026-08-28,Nairobi Central,100011.43
2026-08-29,Nairobi Central,101782.73
2026-08-30,Nairobi Central,95851.53
2026-08-31,Nairobi Central,88937.88
2025-09-01,Mombasa Hub,59508.4
2025-09-02,Mombasa Hub,56603.56
2025-09-03,Mombasa Hub,60471.33
2025-09-04,Mombasa Hub,60883.11
2025-09-05,Mombasa Hub,61839.11
2025-09-06,Mombasa Hub,63243.21
2025-09-07,Mombasa Hub,66335.35
2025-09-08,Mombasa Hub,58180.16
2025-09-09,Mombasa Hub,58831.72
2025-09-10,Mombasa Hub,57030.95
2025-09-11,Mombasa Hub,60779.28
2025-09-12,Mombasa Hub,67766.82
2025-09-13,Mombasa Hub,66237.18
2025-09-14,Mombasa Hub,68537.92
2025-09-15,Mombasa Hub,59922.2
2025-09-16,Mombasa Hub,57066.37
2025-09-17,Mombasa Hub,59729.78
2025-09-18,Mombasa Hub,56873.7
2025-09-19,Mombasa Hub,68054.73
2025-09-20,Mombasa Hub,66062.61
2025-09-21,Mombasa Hub,65785.11
2025-09-22,Mombasa Hub,57528.35
2025-09-23,Mombasa Hub,61655.38
2025-09-24,Mombasa Hub,58697.23
2025-09-25,Mombasa Hub,58122.95
2025-09-26,Mombasa Hub,65505.44
2025-09-27,Mombasa Hub,67434.55
2025-09-28,Mombasa Hub,67093.63
2025-09-29,Mombasa Hub,60016.08
2025-09-30,Mombasa Hub,60076.25
2025-10-01,Mombasa Hub,63793.54
2025-10-02,Mombasa Hub,58312.43
2025-10-03,Mombasa Hub,65307.34
2025-10-04,Mombasa Hub,64680.34
2025-10-05,Mombasa Hub,67793.7
2025-10-06,Mombasa Hub,61727.66
2025-10-07,Mombasa Hub,59069.64
2025-10-08,Mombasa Hub,57528.51
2025-10-09,Mombasa Hub,57590.65
2025-10-10,Mombasa Hub,68005.88
2025-10-11,Mombasa Hub,68235.89
2025-10-12,Mombasa Hub,67834.32
2025-10-13,Mombasa Hub,58055.03
2025-10-14,Mombasa Hub,60026.22
2025-10-15,Mombasa Hub,59809.78
2025-10-16,Mombasa Hub,60063.87
2025-10-17,Mombasa Hub,68708.33
2025-10-18,Mombasa Hub,67344.32
2025-10-19,Mombasa Hub,68363.88
2025-10-20,Mombasa Hub,67980.23
2025-10-21,Mombasa Hub,60396.34
2025-10-22,Mombasa Hub,61173.77
2025-10-23,Mombasa Hub,56701.82
2025-10-24,Mombasa Hub,66398.62
2025-10-25,Mombasa Hub,66113.67
2025-10-26,Mombasa Hub,65791.0
2025-10-27,Mombasa Hub,59418.69
2025-10-28,Mombasa Hub,63284.82
2025-10-29,Mombasa Hub,58229.01
2025-10-30,Mombasa Hub,62234.85
2025-10-31,Mombasa Hub,63753.24
2025-11-01,Mombasa Hub,66710.45
2025-11-02,Mombasa Hub,67831.59
2025-11-03,Mombasa Hub,61593.22
2025-11-04,Mombasa Hub,61910.83
2025-11-05,Mombasa Hub,62136.48
2025-11-06,Mombasa Hub,59718.53
2025-11-07,Mombasa Hub,66722.68
2025-11-08,Mombasa Hub,69624.8
2025-11-09,Mombasa Hub,67409.21
2025-11-10,Mombasa Hub,57918.42
2025-11-11,Mombasa Hub,58278.1
2025-11-12,Mombasa Hub,58792.69
2025-11-13,Mombasa Hub,61905.87
2025-11-14,Mombasa Hub,68393.54
2025-11-15,Mombasa Hub,69631.82
2025-11-16,Mombasa Hub,67272.54
2025-11-17,Mombasa Hub,61393.46
2025-11-18,Mombasa Hub,62458.44
2025-11-19,Mombasa Hub,60495.67
2025-11-20,Mombasa Hub,62207.72
2025-11-21,Mombasa Hub,67049.07
2025-11-22,Mombasa Hub,67752.89
2025-11-23,Mombasa Hub,67771.29
2025-11-24,Mombasa Hub,58872.08
2025-11-25,Mombasa Hub,62566.68
2025-11-26,Mombasa Hub,60561.09
2025-11-27,Mombasa Hub,61662.63
2025-11-28,Mombasa Hub,69935.15
2025-11-29,Mombasa Hub,69922.76
2025-11-30,Mombasa Hub,70457.43
2025-12-01,Mombasa Hub,61669.82
2025-12-02,Mombasa Hub,61030.97
2025-12-03,Mombasa Hub,61836.24
2025-12-04,Mombasa Hub,58427.29
2025-12-05,Mombasa Hub,66210.04
2025-12-06,Mombasa Hub,66542.99
2025-12-07,Mombasa Hub,67310.52
2025-12-08,Mombasa Hub,63192.96
2025-12-09,Mombasa Hub,60438.8
2025-12-10,Mombasa Hub,61643.29
2025-12-11,Mombasa Hub,65332.23
2025-12-12,Mombasa Hub,79822.41
2025-12-13,Mombasa Hub,71451.27
2025-12-14,Mombasa Hub,67908.18
2025-12-15,Mombasa Hub,62347.83
2025-12-16,Mombasa Hub,60806.53
2025-12-17,Mombasa Hub,62193.48
2025-12-18,Mombasa Hub,64808.26
2025-12-19,Mombasa Hub,66529.77
2025-12-20,Mombasa Hub,71266.89
2025-12-21,Mombasa Hub,70909.95
2025-12-22,Mombasa Hub,77281.12
2025-12-23,Mombasa Hub,75509.18
2025-12-24,Mombasa Hub,78856.75
2025-12-25,Mombasa Hub,77625.63
2025-12-26,Mombasa Hub,86540.39
2025-12-27,Mombasa Hub,86153.55
2025-12-28,Mombasa Hub,89634.79
2025-12-29,Mombasa Hub,78526.59
2025-12-30,Mombasa Hub,76901.52
2025-12-31,Mombasa Hub,79568.21
2026-01-01,Mombasa Hub,77036.47
2026-01-02,Mombasa Hub,86765.81
2026-01-03,Mombasa Hub,73102.46
2026-01-04,Mombasa Hub,72138.07
2026-01-05,Mombasa Hub,67396.53
2026-01-06,Mombasa Hub,61736.55
2026-01-07,Mombasa Hub,62990.83
2026-01-08,Mombasa Hub,62439.6
2026-01-09,Mombasa Hub,70867.22
2026-01-10,Mombasa Hub,68803.65
2026-01-11,Mombasa Hub,73217.16
2026-01-12,Mombasa Hub,64233.02
2026-01-13,Mombasa Hub,61603.71
2026-01-14,Mombasa Hub,62654.45
2026-01-15,Mombasa Hub,65592.56
2026-01-16,Mombasa Hub,73992.78
2026-01-17,Mombasa Hub,76562.2
2026-01-18,Mombasa Hub,78609.82
2026-01-19,Mombasa Hub,66077.36
2026-01-20,Mombasa Hub,63110.95
2026-01-21,Mombasa Hub,60708.97
2026-01-22,Mombasa Hub,65958.0
2026-01-23,Mombasa Hub,70889.06
2026-01-24,Mombasa Hub,71812.79
2026-01-25,Mombasa Hub,71452.47
2026-01-26,Mombasa Hub,65334.79
2026-01-27,Mombasa Hub,68005.38
2026-01-28,Mombasa Hub,66105.68
2026-01-29,Mombasa Hub,65487.03
2026-01-30,Mombasa Hub,70855.52
2026-01-31,Mombasa Hub,69537.66
2026-02-01,Mombasa Hub,72166.6
2026-02-02,Mombasa Hub,65962.48
2026-02-03,Mombasa Hub,69958.58
2026-02-04,Mombasa Hub,66482.0
2026-02-05,Mombasa Hub,68383.63
2026-02-06,Mombasa Hub,72442.27
2026-02-07,Mombasa Hub,71020.64
2026-02-08,Mombasa Hub,71554.34
2026-02-09,Mombasa Hub,64930.89
2026-02-10,Mombasa Hub,71152.75
2026-02-11,Mombasa Hub,64838.41
2026-02-12,Mombasa Hub,68480.58
2026-02-13,Mombasa Hub,71975.41
2026-02-14,Mombasa Hub,75993.67
2026-02-15,Mombasa Hub,74868.15
2026-02-16,Mombasa Hub,66552.93
2026-02-17,Mombasa Hub,66857.26
2026-02-18,Mombasa Hub,65584.41
2026-02-19,Mombasa Hub,68015.12
2026-02-20,Mombasa Hub,73321.09
2026-02-21,Mombasa Hub,71708.18
2026-02-22,Mombasa Hub,71646.15
2026-02-23,Mombasa Hub,67629.67
2026-02-24,Mombasa Hub,70717.45
2026-02-25,Mombasa Hub,67701.29
2026-02-26,Mombasa Hub,67147.88
2026-02-27,Mombasa Hub,75269.3
2026-02-28,Mombasa Hub,77519.98
2026-03-01,Mombasa Hub,75219.3
2026-03-02,Mombasa Hub,66703.56
2026-03-03,Mombasa Hub,70025.79
2026-03-04,Mombasa Hub,68606.67
2026-03-05,Mombasa Hub,71041.42
2026-03-06,Mombasa Hub,75362.9
2026-03-07,Mombasa Hub,72364.46
2026-03-08,Mombasa Hub,72095.57
2026-03-09,Mombasa Hub,71457.55
2026-03-10,Mombasa Hub,71654.68
2026-03-11,Mombasa Hub,67583.08
2026-03-12,Mombasa Hub,67181.68
2026-03-13,Mombasa Hub,78403.86
2026-03-14,Mombasa Hub,72892.95
2026-03-15,Mombasa Hub,73387.82
2026-03-16,Mombasa Hub,69545.51
2026-03-17,Mombasa Hub,67338.31
2026-03-18,Mombasa Hub,68213.56
2026-03-19,Mombasa Hub,67904.77
2026-03-20,Mombasa Hub,76219.37
2026-03-21,Mombasa Hub,78562.0
2026-03-22,Mombasa Hub,75748.34
2026-03-23,Mombasa Hub,69773.64
2026-03-24,Mombasa Hub,63983.63
2026-03-25,Mombasa Hub,68335.25
2026-03-26,Mombasa Hub,66646.79
2026-03-27,Mombasa Hub,73062.42
2026-03-28,Mombasa Hub,73824.34
2026-03-29,Mombasa Hub,75024.73
2026-03-30,Mombasa Hub,70549.29
2026-03-31,Mombasa Hub,65729.63
2026-04-01,Mombasa Hub,68683.71
2026-04-02,Mombasa Hub,67593.84
2026-04-03,Mombasa Hub,86853.18
2026-04-04,Mombasa Hub,89747.41
2026-04-05,Mombasa Hub,88763.49
2026-04-06,Mombasa Hub,83308.85
2026-04-07,Mombasa Hub,68404.46
2026-04-08,Mombasa Hub,67252.27
2026-04-09,Mombasa Hub,68288.49
2026-04-10,Mombasa Hub,76511.56
2026-04-11,Mombasa Hub,76384.1
2026-04-12,Mombasa Hub,73674.58
2026-04-13,Mombasa Hub,69025.69
2026-04-14,Mombasa Hub,69335.79
2026-04-15,Mombasa Hub,74292.36
2026-04-16,Mombasa Hub,72919.63
2026-04-17,Mombasa Hub,74232.9
2026-04-18,Mombasa Hub,75464.64
2026-04-19,Mombasa Hub,72933.08
2026-04-20,Mombasa Hub,67626.14
2026-04-21,Mombasa Hub,69590.98
2026-04-22,Mombasa Hub,71520.36
2026-04-23,Mombasa Hub,67346.59
2026-04-24,Mombasa Hub,74713.41
2026-04-25,Mombasa Hub,71492.43
2026-04-26,Mombasa Hub,75782.7
2026-04-27,Mombasa Hub,66641.99
2026-04-28,Mombasa Hub,67795.25
2026-04-29,Mombasa Hub,67046.13
2026-04-30,Mombasa Hub,68737.15
2026-05-01,Mombasa Hub,79543.96
2026-05-02,Mombasa Hub,72971.04
2026-05-03,Mombasa Hub,80737.55
2026-05-04,Mombasa Hub,66155.37
2026-05-05,Mombasa Hub,66564.3
2026-05-06,Mombasa Hub,72897.57
2026-05-07,Mombasa Hub,75200.61
2026-05-08,Mombasa Hub,73590.25
2026-05-09,Mombasa Hub,75319.94
2026-05-10,Mombasa Hub,76847.01
2026-05-11,Mombasa Hub,72636.5
2026-05-12,Mombasa Hub,66763.54
2026-05-13,Mombasa Hub,68357.38
2026-05-14,Mombasa Hub,70557.66
2026-05-15,Mombasa Hub,77008.54
2026-05-16,Mombasa Hub,75247.2
2026-05-17,Mombasa Hub,75760.31
2026-05-18,Mombasa Hub,65868.71
2026-05-19,Mombasa Hub,68312.58
2026-05-20,Mombasa Hub,68239.65
2026-05-21,Mombasa Hub,69304.02
2026-05-22,Mombasa Hub,74789.97
2026-05-23,Mombasa Hub,76994.44
2026-05-24,Mombasa Hub,78149.32
2026-05-25,Mombasa Hub,69083.03
2026-05-26,Mombasa Hub,69492.05
2026-05-27,Mombasa Hub,68831.56
2026-05-28,Mombasa Hub,68700.96
2026-05-29,Mombasa Hub,74325.8
2026-05-30,Mombasa Hub,76551.14
2026-05-31,Mombasa Hub,75640.09
2026-06-01,Mombasa Hub,82153.78
2026-06-02,Mombasa Hub,72012.89
2026-06-03,Mombasa Hub,69429.38
2026-06-04,Mombasa Hub,66928.89
2026-06-05,Mombasa Hub,73355.06
2026-06-06,Mombasa Hub,78311.15
2026-06-07,Mombasa Hub,76285.9
2026-06-08,Mombasa Hub,69535.22
2026-06-09,Mombasa Hub,64709.24
2026-06-10,Mombasa Hub,70459.94
2026-06-11,Mombasa Hub,69417.06
2026-06-12,Mombasa Hub,73215.55
2026-06-13,Mombasa Hub,74573.88
2026-06-14,Mombasa Hub,76140.05
2026-06-15,Mombasa Hub,68461.56
2026-06-16,Mombasa Hub,67694.72
2026-06-17,Mombasa Hub,68079.65
2026-06-18,Mombasa Hub,67736.08
2026-06-19,Mombasa Hub,75786.87
2026-06-20,Mombasa Hub,78612.57
2026-06-21,Mombasa Hub,69866.82
2026-06-22,Mombasa Hub,67675.72
2026-06-23,Mombasa Hub,68544.96
2026-06-24,Mombasa Hub,68779.3
2026-06-25,Mombasa Hub,67312.77
2026-06-26,Mombasa Hub,71497.65
2026-06-27,Mombasa Hub,75976.63
2026-06-28,Mombasa Hub,78975.16
2026-06-29,Mombasa Hub,64706.82
2026-06-30,Mombasa Hub,69861.66
2026-07-01,Mombasa Hub,67262.0
2026-07-02,Mombasa Hub,67814.96
2026-07-03,Mombasa Hub,72848.97
2026-07-04,Mombasa Hub,74376.64
2026-07-05,Mombasa Hub,77883.02
2026-07-06,Mombasa Hub,69109.37
2026-07-07,Mombasa Hub,71568.6
2026-07-08,Mombasa Hub,70346.06
2026-07-09,Mombasa Hub,68727.41
2026-07-10,Mombasa Hub,78722.11
2026-07-11,Mombasa Hub,75879.78
2026-07-12,Mombasa Hub,76696.49
2026-07-13,Mombasa Hub,67044.06
2026-07-14,Mombasa Hub,67805.16
2026-07-15,Mombasa Hub,66131.93
2026-07-16,Mombasa Hub,69752.99
2026-07-17,Mombasa Hub,72247.67
2026-07-18,Mombasa Hub,76460.21
2026-07-19,Mombasa Hub,74336.28
2026-07-20,Mombasa Hub,70055.96
2026-07-21,Mombasa Hub,69126.18
2026-07-22,Mombasa Hub,71415.4
2026-07-23,Mombasa Hub,69040.04
2026-07-24,Mombasa Hub,71245.02
2026-07-25,Mombasa Hub,74475.36
2026-07-26,Mombasa Hub,72068.12
2026-07-27,Mombasa Hub,66260.16
2026-07-28,Mombasa Hub,70624.23
2026-07-29,Mombasa Hub,68717.73
2026-07-30,Mombasa Hub,65812.02
2026-07-31,Mombasa Hub,72313.5
2026-08-01,Mombasa Hub,74555.74
2026-08-02,Mombasa Hub,71839.37
2026-08-03,Mombasa Hub,65800.09
2026-08-04,Mombasa Hub,67906.73
2026-08-05,Mombasa Hub,69711.74
2026-08-06,Mombasa Hub,68515.11
2026-08-07,Mombasa Hub,69435.37
2026-08-08,Mombasa Hub,75026.83
2026-08-09,Mombasa Hub,74510.31
2026-08-10,Mombasa Hub,68034.53
2026-08-11,Mombasa Hub,70617.86
2026-08-12,Mombasa Hub,62657.07
2026-08-13,Mombasa Hub,65824.23
2026-08-14,Mombasa Hub,75565.25
2026-08-15,Mombasa Hub,70861.06
2026-08-16,Mombasa Hub,77454.33
2026-08-17,Mombasa Hub,67851.46
2026-08-18,Mombasa Hub,68874.54
2026-08-19,Mombasa Hub,65803.37
2026-08-20,Mombasa Hub,68785.62
2026-08-21,Mombasa Hub,76527.66
2026-08-22,Mombasa Hub,74715.27
2026-08-23,Mombasa Hub,74711.66
2026-08-24,Mombasa Hub,67583.03
2026-08-25,Mombasa Hub,65128.63
2026-08-26,Mombasa Hub,66669.8
2026-08-27,Mombasa Hub,66654.68
2026-08-28,Mombasa Hub,75008.57
2026-08-29,Mombasa Hub,76337.05
2026-08-30,Mombasa Hub,71888.65
2026-08-31,Mombasa Hub,66703.41
2025-09-01,Nakuru Express,46284.31
2025-09-02,Nakuru Express,44025.0
2025-09-03,Nakuru Express,47033.26
2025-09-04,Nakuru Express,47353.53
2025-09-05,Nakuru Express,48097.08
2025-09-06,Nakuru Express,49189.16
2025-09-07,Nakuru Express,51594.16
2025-09-08,Nakuru Express,45251.24
2025-09-09,Nakuru Express,45758.0
2025-09-10,Nakuru Express,44357.4
2025-09-11,Nakuru Express,47272.77
2025-09-12,Nakuru Express,52707.53
2025-09-13,Nakuru Express,51517.81
2025-09-14,Nakuru Express,53307.28
2025-09-15,Nakuru Express,46606.15
2025-09-16,Nakuru Express,44384.95
2025-09-17,Nakuru Express,46456.49
2025-09-18,Nakuru Express,44235.1
2025-09-19,Nakuru Express,52931.46
2025-09-20,Nakuru Express,51382.03
2025-09-21,Nakuru Express,51166.19
2025-09-22,Nakuru Express,44744.27
2025-09-23,Nakuru Express,47954.18
2025-09-24,Nakuru Express,45653.4
2025-09-25,Nakuru Express,45206.74
2025-09-26,Nakuru Express,50948.68
2025-09-27,Nakuru Express,52449.09
2025-09-28,Nakuru Express,52183.93
2025-09-29,Nakuru Express,46679.17
2025-09-30,Nakuru Express,46725.98
2025-10-01,Nakuru Express,49617.2
2025-10-02,Nakuru Express,45354.11
2025-10-03,Nakuru Express,50794.6
2025-10-04,Nakuru Express,50306.93
2025-10-05,Nakuru Express,52728.43
2025-10-06,Nakuru Express,48010.4
2025-10-07,Nakuru Express,45943.06
2025-10-08,Nakuru Express,44744.4
2025-10-09,Nakuru Express,44792.73
2025-10-10,Nakuru Express,52893.46
2025-10-11,Nakuru Express,53072.36
2025-10-12,Nakuru Express,52760.02
2025-10-13,Nakuru Express,45153.92
2025-10-14,Nakuru Express,46687.06
2025-10-15,Nakuru Express,46518.72
2025-10-16,Nakuru Express,46716.35
2025-10-17,Nakuru Express,53439.81
2025-10-18,Nakuru Express,52378.91
2025-10-19,Nakuru Express,53171.9
2025-10-20,Nakuru Express,52873.51
2025-10-21,Nakuru Express,46974.94
2025-10-22,Nakuru Express,47579.6
2025-10-23,Nakuru Express,44101.42
2025-10-24,Nakuru Express,51643.37
2025-10-25,Nakuru Express,51421.74
2025-10-26,Nakuru Express,51170.78
2025-10-27,Nakuru Express,46214.54
2025-10-28,Nakuru Express,49221.52
2025-10-29,Nakuru Express,45289.23
2025-10-30,Nakuru Express,48404.88
2025-10-31,Nakuru Express,49585.85
2025-11-01,Nakuru Express,51885.9
2025-11-02,Nakuru Express,52757.91
2025-11-03,Nakuru Express,47905.84
2025-11-04,Nakuru Express,48152.87
2025-11-05,Nakuru Express,48328.37
2025-11-06,Nakuru Express,46447.75
2025-11-07,Nakuru Express,51895.41
2025-11-08,Nakuru Express,54152.62
2025-11-09,Nakuru Express,52429.39
2025-11-10,Nakuru Express,45047.66
2025-11-11,Nakuru Express,45327.41
2025-11-12,Nakuru Express,45727.65
2025-11-13,Nakuru Express,48149.01
2025-11-14,Nakuru Express,53194.97
2025-11-15,Nakuru Express,54158.08
2025-11-16,Nakuru Express,52323.09
2025-11-17,Nakuru Express,47750.47
2025-11-18,Nakuru Express,48578.79
2025-11-19,Nakuru Express,47052.19
2025-11-20,Nakuru Express,48383.78
2025-11-21,Nakuru Express,52149.28
2025-11-22,Nakuru Express,52696.7
2025-11-23,Nakuru Express,52711.01
2025-11-24,Nakuru Express,45789.39
2025-11-25,Nakuru Express,48662.97
2025-11-26,Nakuru Express,47103.07
2025-11-27,Nakuru Express,47959.83
2025-11-28,Nakuru Express,54394.0
2025-11-29,Nakuru Express,54384.37
2025-11-30,Nakuru Express,54800.22
2025-12-01,Nakuru Express,47965.42
2025-12-02,Nakuru Express,47468.53
2025-12-03,Nakuru Express,48094.85
2025-12-04,Nakuru Express,45443.45
2025-12-05,Nakuru Express,51496.7
2025-12-06,Nakuru Express,51755.66
2025-12-07,Nakuru Express,52352.63
2025-12-08,Nakuru Express,49150.08
2025-12-09,Nakuru Express,47007.96
2025-12-10,Nakuru Express,47944.78
2025-12-11,Nakuru Express,50813.95
2025-12-12,Nakuru Express,62084.09
2025-12-13,Nakuru Express,55573.21
2025-12-14,Nakuru Express,52817.47
2025-12-15,Nakuru Express,48492.75
2025-12-16,Nakuru Express,47293.97
2025-12-17,Nakuru Express,48372.7
2025-12-18,Nakuru Express,50406.42
2025-12-19,Nakuru Express,51745.38
2025-12-20,Nakuru Express,55429.8
2025-12-21,Nakuru Express,55152.18
2025-12-22,Nakuru Express,60107.54
2025-12-23,Nakuru Express,58729.36
2025-12-24,Nakuru Express,61333.03
2025-12-25,Nakuru Express,60375.49
2025-12-26,Nakuru Express,67309.19
2025-12-27,Nakuru Express,67008.32
2025-12-28,Nakuru Express,69715.95
2025-12-29,Nakuru Express,61076.24
2025-12-30,Nakuru Express,59812.29
2025-12-31,Nakuru Express,61886.38
2026-01-01,Nakuru Express,59917.26
2026-01-02,Nakuru Express,67484.52
2026-01-03,Nakuru Express,56857.47
2026-01-04,Nakuru Express,56107.39
2026-01-05,Nakuru Express,52419.52
2026-01-06,Nakuru Express,48017.32
2026-01-07,Nakuru Express,48992.87
2026-01-08,Nakuru Express,48564.13
2026-01-09,Nakuru Express,55118.95
2026-01-10,Nakuru Express,53513.95
2026-01-11,Nakuru Express,56946.68
2026-01-12,Nakuru Express,49959.02
2026-01-13,Nakuru Express,47914.0
2026-01-14,Nakuru Express,48731.24
2026-01-15,Nakuru Express,51016.43
2026-01-16,Nakuru Express,57549.94
2026-01-17,Nakuru Express,59548.38
2026-01-18,Nakuru Express,61140.97
2026-01-19,Nakuru Express,51393.51
2026-01-20,Nakuru Express,49086.29
2026-01-21,Nakuru Express,47218.09
2026-01-22,Nakuru Express,51300.67
2026-01-23,Nakuru Express,55135.94
2026-01-24,Nakuru Express,55854.4
2026-01-25,Nakuru Express,55574.15
2026-01-26,Nakuru Express,50815.95
2026-01-27,Nakuru Express,52893.07
2026-01-28,Nakuru Express,51415.53
2026-01-29,Nakuru Express,50934.36
2026-01-30,Nakuru Express,55109.85
2026-01-31,Nakuru Express,54084.85
2026-02-01,Nakuru Express,56129.58
2026-02-02,Nakuru Express,51304.15
2026-02-03,Nakuru Express,54412.23
2026-02-04,Nakuru Express,51708.22
2026-02-05,Nakuru Express,53187.27
2026-02-06,Nakuru Express,56343.99
2026-02-07,Nakuru Express,55238.27
2026-02-08,Nakuru Express,55653.38
2026-02-09,Nakuru Express,50501.8
2026-02-10,Nakuru Express,55341.03
2026-02-11,Nakuru Express,50429.88
2026-02-12,Nakuru Express,53262.67
2026-02-13,Nakuru Express,55980.87
2026-02-14,Nakuru Express,59106.19
2026-02-15,Nakuru Express,58230.78
2026-02-16,Nakuru Express,51763.39
2026-02-17,Nakuru Express,52000.09
2026-02-18,Nakuru Express,51010.1
2026-02-19,Nakuru Express,52900.65
2026-02-20,Nakuru Express,57027.52
2026-02-21,Nakuru Express,55773.03
2026-02-22,Nakuru Express,55724.79
2026-02-23,Nakuru Express,52600.85
2026-02-24,Nakuru Express,55002.46
2026-02-25,Nakuru Express,52656.56
2026-02-26,Nakuru Express,52226.13
2026-02-27,Nakuru Express,58542.79
2026-02-28,Nakuru Express,60293.31
2026-03-01,Nakuru Express,58503.9
2026-03-02,Nakuru Express,51880.55
2026-03-03,Nakuru Express,54464.51
2026-03-04,Nakuru Express,53360.74
2026-03-05,Nakuru Express,55254.44
2026-03-06,Nakuru Express,58615.59
2026-03-07,Nakuru Express,56283.47
2026-03-08,Nakuru Express,56074.33
2026-03-09,Nakuru Express,55578.1
2026-03-10,Nakuru Express,55731.42
2026-03-11,Nakuru Express,52564.62
2026-03-12,Nakuru Express,52252.42
2026-03-13,Nakuru Express,60980.78
2026-03-14,Nakuru Express,56694.51
2026-03-15,Nakuru Express,57079.42
2026-03-16,Nakuru Express,54090.96
2026-03-17,Nakuru Express,52374.24
2026-03-18,Nakuru Express,53054.99
2026-03-19,Nakuru Express,52814.82
2026-03-20,Nakuru Express,59281.74
2026-03-21,Nakuru Express,61103.78
2026-03-22,Nakuru Express,58915.38
2026-03-23,Nakuru Express,54268.39
2026-03-24,Nakuru Express,49765.05
2026-03-25,Nakuru Express,53149.64
2026-03-26,Nakuru Express,51836.39
2026-03-27,Nakuru Express,56826.32
2026-03-28,Nakuru Express,57418.93
2026-03-29,Nakuru Express,58352.57
2026-03-30,Nakuru Express,54871.67
2026-03-31,Nakuru Express,51123.05
2026-04-01,Nakuru Express,53420.66
2026-04-02,Nakuru Express,52572.99
2026-04-03,Nakuru Express,67552.47
2026-04-04,Nakuru Express,69803.54
2026-04-05,Nakuru Express,69038.27
2026-04-06,Nakuru Express,64795.77
2026-04-07,Nakuru Express,53203.46
2026-04-08,Nakuru Express,52307.32
2026-04-09,Nakuru Express,53113.27
2026-04-10,Nakuru Express,59508.99
2026-04-11,Nakuru Express,59409.86
2026-04-12,Nakuru Express,57302.45
2026-04-13,Nakuru Express,53686.65
2026-04-14,Nakuru Express,53927.83
2026-04-15,Nakuru Express,57782.95
2026-04-16,Nakuru Express,56715.27
2026-04-17,Nakuru Express,57736.7
2026-04-18,Nakuru Express,58694.72
2026-04-19,Nakuru Express,56725.73
2026-04-20,Nakuru Express,52598.11
2026-04-21,Nakuru Express,54126.31
2026-04-22,Nakuru Express,55626.94
2026-04-23,Nakuru Express,52380.68
2026-04-24,Nakuru Express,58110.43
2026-04-25,Nakuru Express,55605.23
2026-04-26,Nakuru Express,58942.1
2026-04-27,Nakuru Express,51832.66
2026-04-28,Nakuru Express,52729.64
2026-04-29,Nakuru Express,52146.99
2026-04-30,Nakuru Express,53462.23
2026-05-01,Nakuru Express,61867.53
2026-05-02,Nakuru Express,56755.25
2026-05-03,Nakuru Express,62795.87
2026-05-04,Nakuru Express,51454.17
2026-05-05,Nakuru Express,51772.23
2026-05-06,Nakuru Express,56698.11
2026-05-07,Nakuru Express,58489.36
2026-05-08,Nakuru Express,57236.86
2026-05-09,Nakuru Express,58582.18
2026-05-10,Nakuru Express,59769.9
2026-05-11,Nakuru Express,56495.05
2026-05-12,Nakuru Express,51927.2
2026-05-13,Nakuru Express,53166.85
2026-05-14,Nakuru Express,54878.18
2026-05-15,Nakuru Express,59895.53
2026-05-16,Nakuru Express,58525.6
2026-05-17,Nakuru Express,58924.69
2026-05-18,Nakuru Express,51231.22
2026-05-19,Nakuru Express,53132.01
2026-05-20,Nakuru Express,53075.29
2026-05-21,Nakuru Express,53903.12
2026-05-22,Nakuru Express,58169.98
2026-05-23,Nakuru Express,59884.57
2026-05-24,Nakuru Express,60782.81
2026-05-25,Nakuru Express,53731.24
2026-05-26,Nakuru Express,54049.37
2026-05-27,Nakuru Express,53535.66
2026-05-28,Nakuru Express,53434.08
2026-05-29,Nakuru Express,57808.95
2026-05-30,Nakuru Express,59539.77
2026-05-31,Nakuru Express,58831.18
2026-06-01,Nakuru Express,63897.38
2026-06-02,Nakuru Express,56010.02
2026-06-03,Nakuru Express,54000.63
2026-06-04,Nakuru Express,52055.8
2026-06-05,Nakuru Express,57053.93
2026-06-06,Nakuru Express,60908.67
2026-06-07,Nakuru Express,59333.48
2026-06-08,Nakuru Express,54082.95
2026-06-09,Nakuru Express,50329.41
2026-06-10,Nakuru Express,54802.18
2026-06-11,Nakuru Express,53991.05
2026-06-12,Nakuru Express,56945.43
2026-06-13,Nakuru Express,58001.91
2026-06-14,Nakuru Express,59220.04
2026-06-15,Nakuru Express,53247.88
2026-06-16,Nakuru Express,52651.45
2026-06-17,Nakuru Express,52950.84
2026-06-18,Nakuru Express,52683.62
2026-06-19,Nakuru Express,58945.35
2026-06-20,Nakuru Express,61143.11
2026-06-21,Nakuru Express,54340.86
2026-06-22,Nakuru Express,52636.67
2026-06-23,Nakuru Express,53312.75
2026-06-24,Nakuru Express,53495.01
2026-06-25,Nakuru Express,52354.38
2026-06-26,Nakuru Express,55609.29
2026-06-27,Nakuru Express,59092.93
2026-06-28,Nakuru Express,61425.12
2026-06-29,Nakuru Express,50327.52
2026-06-30,Nakuru Express,54336.85
2026-07-01,Nakuru Express,52314.89
2026-07-02,Nakuru Express,52744.97
2026-07-03,Nakuru Express,56660.31
2026-07-04,Nakuru Express,57848.49
2026-07-05,Nakuru Express,60575.68
2026-07-06,Nakuru Express,53751.73
2026-07-07,Nakuru Express,55664.46
2026-07-08,Nakuru Express,54713.6
2026-07-09,Nakuru Express,53454.65
2026-07-10,Nakuru Express,61228.31
2026-07-11,Nakuru Express,59017.61
2026-07-12,Nakuru Express,59652.82
2026-07-13,Nakuru Express,52145.38
2026-07-14,Nakuru Express,52737.35
2026-07-15,Nakuru Express,51435.95
2026-07-16,Nakuru Express,54252.33
2026-07-17,Nakuru Express,56192.63
2026-07-18,Nakuru Express,59469.05
2026-07-19,Nakuru Express,57817.11
2026-07-20,Nakuru Express,54487.97
2026-07-21,Nakuru Express,53764.81
2026-07-22,Nakuru Express,55545.31
2026-07-23,Nakuru Express,53697.81
2026-07-24,Nakuru Express,55412.79
2026-07-25,Nakuru Express,57925.28
2026-07-26,Nakuru Express,56052.98
2026-07-27,Nakuru Express,51535.68
2026-07-28,Nakuru Express,54929.96
2026-07-29,Nakuru Express,53447.13
2026-07-30,Nakuru Express,51187.12
2026-07-31,Nakuru Express,56243.83
2026-08-01,Nakuru Express,57987.8
2026-08-02,Nakuru Express,55875.06
2026-08-03,Nakuru Express,51177.85
2026-08-04,Nakuru Express,52816.35
2026-08-05,Nakuru Express,54220.24
2026-08-06,Nakuru Express,53289.53
2026-08-07,Nakuru Express,54005.29
2026-08-08,Nakuru Express,58354.2
2026-08-09,Nakuru Express,57952.47
2026-08-10,Nakuru Express,52915.75
2026-08-11,Nakuru Express,54925.0
2026-08-12,Nakuru Express,48733.28
2026-08-13,Nakuru Express,51196.62
2026-08-14,Nakuru Express,58772.97
2026-08-15,Nakuru Express,55114.16
2026-08-16,Nakuru Express,60242.26
2026-08-17,Nakuru Express,52773.36
2026-08-18,Nakuru Express,53569.09
2026-08-19,Nakuru Express,51180.4
2026-08-20,Nakuru Express,53499.92
2026-08-21,Nakuru Express,59521.52
2026-08-22,Nakuru Express,58111.87
2026-08-23,Nakuru Express,58109.07
2026-08-24,Nakuru Express,52564.58
2026-08-25,Nakuru Express,50655.6
2026-08-26,Nakuru Express,51854.29
2026-08-27,Nakuru Express,51842.52
2026-08-28,Nakuru Express,58340.0
2026-08-29,Nakuru Express,59373.26
2026-08-30,Nakuru Express,55913.39
2026-08-31,Nakuru Express,51880.43
2025-09-01,Kisumu Port,39672.26
2025-09-02,Kisumu Port,37735.71
2025-09-03,Kisumu Port,40314.22
2025-09-04,Kisumu Port,40588.74
2025-09-05,Kisumu Port,41226.07
2025-09-06,Kisumu Port,42162.14
2025-09-07,Kisumu Port,44223.57
2025-09-08,Kisumu Port,38786.77
2025-09-09,Kisumu Port,39221.15
2025-09-10,Kisumu Port,38020.63
2025-09-11,Kisumu Port,40519.52
2025-09-12,Kisumu Port,45177.88
2025-09-13,Kisumu Port,44158.12
2025-09-14,Kisumu Port,45691.95
2025-09-15,Kisumu Port,39948.13
2025-09-16,Kisumu Port,38044.25
2025-09-17,Kisumu Port,39819.85
2025-09-18,Kisumu Port,37915.8
2025-09-19,Kisumu Port,45369.82
2025-09-20,Kisumu Port,44041.74
2025-09-21,Kisumu Port,43856.74
2025-09-22,Kisumu Port,38352.23
2025-09-23,Kisumu Port,41103.59
2025-09-24,Kisumu Port,39131.49
2025-09-25,Kisumu Port,38748.63
2025-09-26,Kisumu Port,43670.3
2025-09-27,Kisumu Port,44956.37
2025-09-28,Kisumu Port,44729.09
2025-09-29,Kisumu Port,40010.72
2025-09-30,Kisumu Port,40050.84
2025-10-01,Kisumu Port,42529.03
2025-10-02,Kisumu Port,38874.95
2025-10-03,Kisumu Port,43538.23
2025-10-04,Kisumu Port,43120.23
2025-10-05,Kisumu Port,45195.8
2025-10-06,Kisumu Port,41151.77
2025-10-07,Kisumu Port,39379.76
2025-10-08,Kisumu Port,38352.34
2025-10-09,Kisumu Port,38393.77
2025-10-10,Kisumu Port,45337.25
2025-10-11,Kisumu Port,45490.59
2025-10-12,Kisumu Port,45222.88
2025-10-13,Kisumu Port,38703.36
2025-10-14,Kisumu Port,40017.48
2025-10-15,Kisumu Port,39873.19
2025-10-16,Kisumu Port,40042.58
2025-10-17,Kisumu Port,45805.55
2025-10-18,Kisumu Port,44896.21
2025-10-19,Kisumu Port,45575.92
2025-10-20,Kisumu Port,45320.15
2025-10-21,Kisumu Port,40264.23
2025-10-22,Kisumu Port,40782.51
2025-10-23,Kisumu Port,37801.21
2025-10-24,Kisumu Port,44265.75
2025-10-25,Kisumu Port,44075.78
2025-10-26,Kisumu Port,43860.66
2025-10-27,Kisumu Port,39612.46
2025-10-28,Kisumu Port,42189.88
2025-10-29,Kisumu Port,38819.34
2025-10-30,Kisumu Port,41489.9
2025-10-31,Kisumu Port,42502.16
2025-11-01,Kisumu Port,44473.63
2025-11-02,Kisumu Port,45221.06
2025-11-03,Kisumu Port,41062.15
2025-11-04,Kisumu Port,41273.89
2025-11-05,Kisumu Port,41424.32
2025-11-06,Kisumu Port,39812.35
2025-11-07,Kisumu Port,44481.78
2025-11-08,Kisumu Port,46416.54
2025-11-09,Kisumu Port,44939.47
2025-11-10,Kisumu Port,38612.28
2025-11-11,Kisumu Port,38852.07
2025-11-12,Kisumu Port,39195.12
2025-11-13,Kisumu Port,41270.58
2025-11-14,Kisumu Port,45595.69
2025-11-15,Kisumu Port,46421.21
2025-11-16,Kisumu Port,44848.36
2025-11-17,Kisumu Port,40928.97
2025-11-18,Kisumu Port,41638.96
2025-11-19,Kisumu Port,40330.45
2025-11-20,Kisumu Port,41471.82
2025-11-21,Kisumu Port,44699.38
2025-11-22,Kisumu Port,45168.6
2025-11-23,Kisumu Port,45180.86
2025-11-24,Kisumu Port,39248.05
2025-11-25,Kisumu Port,41711.12
2025-11-26,Kisumu Port,40374.06
2025-11-27,Kisumu Port,41108.42
2025-11-28,Kisumu Port,46623.43
2025-11-29,Kisumu Port,46615.18
2025-11-30,Kisumu Port,46971.62
2025-12-01,Kisumu Port,41113.21
2025-12-02,Kisumu Port,40687.32
2025-12-03,Kisumu Port,41224.16
2025-12-04,Kisumu Port,38951.53
2025-12-05,Kisumu Port,44140.03
2025-12-06,Kisumu Port,44361.99
2025-12-07,Kisumu Port,44873.68
2025-12-08,Kisumu Port,42128.64
2025-12-09,Kisumu Port,40292.53
2025-12-10,Kisumu Port,41095.53
2025-12-11,Kisumu Port,43554.82
2025-12-12,Kisumu Port,53214.94
2025-12-13,Kisumu Port,47634.18
2025-12-14,Kisumu Port,45272.12
2025-12-15,Kisumu Port,41565.22
2025-12-16,Kisumu Port,40537.69
2025-12-17,Kisumu Port,41462.32
2025-12-18,Kisumu Port,43205.51
2025-12-19,Kisumu Port,44353.18
2025-12-20,Kisumu Port,47511.26
2025-12-21,Kisumu Port,47273.3
2025-12-22,Kisumu Port,51520.75
2025-12-23,Kisumu Port,50339.45
2025-12-24,Kisumu Port,52571.16
2025-12-25,Kisumu Port,51750.42
2025-12-26,Kisumu Port,57693.59
2025-12-27,Kisumu Port,57435.7
2025-12-28,Kisumu Port,59756.53
2025-12-29,Kisumu Port,52351.06
2025-12-30,Kisumu Port,51267.68
2025-12-31,Kisumu Port,53045.47
2026-01-01,Kisumu Port,51357.65
2026-01-02,Kisumu Port,57843.87
2026-01-03,Kisumu Port,48734.97
2026-01-04,Kisumu Port,48092.05
2026-01-05,Kisumu Port,44931.02
2026-01-06,Kisumu Port,41157.7
2026-01-07,Kisumu Port,41993.89
2026-01-08,Kisumu Port,41626.4
2026-01-09,Kisumu Port,47244.81
2026-01-10,Kisumu Port,45869.1
2026-01-11,Kisumu Port,48811.44
2026-01-12,Kisumu Port,42822.02
2026-01-13,Kisumu Port,41069.14
2026-01-14,Kisumu Port,41769.64
2026-01-15,Kisumu Port,43728.37
2026-01-16,Kisumu Port,49328.52
2026-01-17,Kisumu Port,51041.47
2026-01-18,Kisumu Port,52406.54
2026-01-19,Kisumu Port,44051.58
2026-01-20,Kisumu Port,42073.97
2026-01-21,Kisumu Port,40472.65
2026-01-22,Kisumu Port,43972.0
2026-01-23,Kisumu Port,47259.37
2026-01-24,Kisumu Port,47875.2
2026-01-25,Kisumu Port,47634.98
2026-01-26,Kisumu Port,43556.53
2026-01-27,Kisumu Port,45336.92
2026-01-28,Kisumu Port,44070.45
2026-01-29,Kisumu Port,43658.02
2026-01-30,Kisumu Port,47237.01
2026-01-31,Kisumu Port,46358.44
2026-02-01,Kisumu Port,48111.07
2026-02-02,Kisumu Port,43974.99
2026-02-03,Kisumu Port,46639.05
2026-02-04,Kisumu Port,44321.33
2026-02-05,Kisumu Port,45589.08
2026-02-06,Kisumu Port,48294.85
2026-02-07,Kisumu Port,47347.09
2026-02-08,Kisumu Port,47702.89
2026-02-09,Kisumu Port,43287.26
2026-02-10,Kisumu Port,47435.16
2026-02-11,Kisumu Port,43225.61
2026-02-12,Kisumu Port,45653.72
2026-02-13,Kisumu Port,47983.6
2026-02-14,Kisumu Port,50662.44
2026-02-15,Kisumu Port,49912.1
2026-02-16,Kisumu Port,44368.62
2026-02-17,Kisumu Port,44571.51
2026-02-18,Kisumu Port,43722.94
2026-02-19,Kisumu Port,45343.42
2026-02-20,Kisumu Port,48880.73
2026-02-21,Kisumu Port,47805.45
2026-02-22,Kisumu Port,47764.1
2026-02-23,Kisumu Port,45086.45
2026-02-24,Kisumu Port,47144.97
2026-02-25,Kisumu Port,45134.19
2026-02-26,Kisumu Port,44765.25
2026-02-27,Kisumu Port,50179.53
2026-02-28,Kisumu Port,51679.98
2026-03-01,Kisumu Port,50146.2
2026-03-02,Kisumu Port,44469.04
2026-03-03,Kisumu Port,46683.86
2026-03-04,Kisumu Port,45737.78
2026-03-05,Kisumu Port,47360.95
2026-03-06,Kisumu Port,50241.93
2026-03-07,Kisumu Port,48242.97
2026-03-08,Kisumu Port,48063.72
2026-03-09,Kisumu Port,47638.37
2026-03-10,Kisumu Port,47769.79
2026-03-11,Kisumu Port,45055.38
2026-03-12,Kisumu Port,44787.79
2026-03-13,Kisumu Port,52269.24
2026-03-14,Kisumu Port,48595.3
2026-03-15,Kisumu Port,48925.21
2026-03-16,Kisumu Port,46363.68
2026-03-17,Kisumu Port,44892.21
2026-03-18,Kisumu Port,45475.71
2026-03-19,Kisumu Port,45269.85
2026-03-20,Kisumu Port,50812.92
2026-03-21,Kisumu Port,52374.67
2026-03-22,Kisumu Port,50498.9
2026-03-23,Kisumu Port,46515.76
2026-03-24,Kisumu Port,42655.75
2026-03-25,Kisumu Port,45556.83
2026-03-26,Kisumu Port,44431.19
2026-03-27,Kisumu Port,48708.28
2026-03-28,Kisumu Port,49216.22
2026-03-29,Kisumu Port,50016.49
2026-03-30,Kisumu Port,47032.86
2026-03-31,Kisumu Port,43819.76
2026-04-01,Kisumu Port,45789.14
2026-04-02,Kisumu Port,45062.56
2026-04-03,Kisumu Port,57902.12
2026-04-04,Kisumu Port,59831.61
2026-04-05,Kisumu Port,59175.66
2026-04-06,Kisumu Port,55539.24
2026-04-07,Kisumu Port,45602.97
2026-04-08,Kisumu Port,44834.85
2026-04-09,Kisumu Port,45525.66
2026-04-10,Kisumu Port,51007.7
2026-04-11,Kisumu Port,50922.74
2026-04-12,Kisumu Port,49116.39
2026-04-13,Kisumu Port,46017.12
2026-04-14,Kisumu Port,46223.86
2026-04-15,Kisumu Port,49528.24
2026-04-16,Kisumu Port,48613.09
2026-04-17,Kisumu Port,49488.6
2026-04-18,Kisumu Port,50309.76
2026-04-19,Kisumu Port,48622.05
2026-04-20,Kisumu Port,45084.09
2026-04-21,Kisumu Port,46393.98
2026-04-22,Kisumu Port,47680.24
2026-04-23,Kisumu Port,44897.73
2026-04-24,Kisumu Port,49808.94
2026-04-25,Kisumu Port,47661.62
2026-04-26,Kisumu Port,50521.8
2026-04-27,Kisumu Port,44428.0
2026-04-28,Kisumu Port,45196.83
2026-04-29,Kisumu Port,44697.42
2026-04-30,Kisumu Port,45824.77
2026-05-01,Kisumu Port,53029.31
2026-05-02,Kisumu Port,48647.36
2026-05-03,Kisumu Port,53825.03
2026-05-04,Kisumu Port,44103.58
2026-05-05,Kisumu Port,44376.2
2026-05-06,Kisumu Port,48598.38
2026-05-07,Kisumu Port,50133.74
2026-05-08,Kisumu Port,49060.17
2026-05-09,Kisumu Port,50213.3
2026-05-10,Kisumu Port,51231.34
2026-05-11,Kisumu Port,48424.33
2026-05-12,Kisumu Port,44509.03
2026-05-13,Kisumu Port,45571.59
2026-05-14,Kisumu Port,47038.44
2026-05-15,Kisumu Port,51339.03
2026-05-16,Kisumu Port,50164.8
2026-05-17,Kisumu Port,50506.88
2026-05-18,Kisumu Port,43912.47
2026-05-19,Kisumu Port,45541.72
2026-05-20,Kisumu Port,45493.1
2026-05-21,Kisumu Port,46202.68
2026-05-22,Kisumu Port,49859.98
2026-05-23,Kisumu Port,51329.63
2026-05-24,Kisumu Port,52099.55
2026-05-25,Kisumu Port,46055.35
2026-05-26,Kisumu Port,46328.04
2026-05-27,Kisumu Port,45887.71
2026-05-28,Kisumu Port,45800.64
2026-05-29,Kisumu Port,49550.53
2026-05-30,Kisumu Port,51034.09
2026-05-31,Kisumu Port,50426.73
2026-06-01,Kisumu Port,54769.19
2026-06-02,Kisumu Port,48008.59
2026-06-03,Kisumu Port,46286.26
2026-06-04,Kisumu Port,44619.26
2026-06-05,Kisumu Port,48903.37
2026-06-06,Kisumu Port,52207.44
2026-06-07,Kisumu Port,50857.27
2026-06-08,Kisumu Port,46356.81
2026-06-09,Kisumu Port,43139.49
2026-06-10,Kisumu Port,46973.29
2026-06-11,Kisumu Port,46278.04
2026-06-12,Kisumu Port,48810.36
2026-06-13,Kisumu Port,49715.92
2026-06-14,Kisumu Port,50760.03
2026-06-15,Kisumu Port,45641.04
2026-06-16,Kisumu Port,45129.81
2026-06-17,Kisumu Port,45386.43
2026-06-18,Kisumu Port,45157.39
2026-06-19,Kisumu Port,50524.58
2026-06-20,Kisumu Port,52408.38
2026-06-21,Kisumu Port,46577.88
2026-06-22,Kisumu Port,45117.15
2026-06-23,Kisumu Port,45696.64
2026-06-24,Kisumu Port,45852.87
2026-06-25,Kisumu Port,44875.18
2026-06-26,Kisumu Port,47665.1
2026-06-27,Kisumu Port,50651.09
2026-06-28,Kisumu Port,52650.11
2026-06-29,Kisumu Port,43137.88
2026-06-30,Kisumu Port,46574.44
2026-07-01,Kisumu Port,44841.33
2026-07-02,Kisumu Port,45209.97
2026-07-03,Kisumu Port,48565.98
2026-07-04,Kisumu Port,49584.42
2026-07-05,Kisumu Port,51922.01
2026-07-06,Kisumu Port,46072.91
2026-07-07,Kisumu Port,47712.4
2026-07-08,Kisumu Port,46897.37
2026-07-09,Kisumu Port,45818.27
2026-07-10,Kisumu Port,52481.41
2026-07-11,Kisumu Port,50586.52
2026-07-12,Kisumu Port,51130.99
2026-07-13,Kisumu Port,44696.04
2026-07-14,Kisumu Port,45203.44
2026-07-15,Kisumu Port,44087.95
2026-07-16,Kisumu Port,46501.99
2026-07-17,Kisumu Port,48165.11
2026-07-18,Kisumu Port,50973.48
2026-07-19,Kisumu Port,49557.52
2026-07-20,Kisumu Port,46703.98
2026-07-21,Kisumu Port,46084.12
2026-07-22,Kisumu Port,47610.26
2026-07-23,Kisumu Port,46026.69
2026-07-24,Kisumu Port,47496.68
2026-07-25,Kisumu Port,49650.24
2026-07-26,Kisumu Port,48045.41
2026-07-27,Kisumu Port,44173.44
2026-07-28,Kisumu Port,47082.82
2026-07-29,Kisumu Port,45811.82
2026-07-30,Kisumu Port,43874.68
2026-07-31,Kisumu Port,48209.0
2026-08-01,Kisumu Port,49703.83
2026-08-02,Kisumu Port,47892.91
2026-08-03,Kisumu Port,43866.73
2026-08-04,Kisumu Port,45271.15
2026-08-05,Kisumu Port,46474.49
2026-08-06,Kisumu Port,45676.74
2026-08-07,Kisumu Port,46290.25
2026-08-08,Kisumu Port,50017.89
2026-08-09,Kisumu Port,49673.54
2026-08-10,Kisumu Port,45356.36
2026-08-11,Kisumu Port,47078.57
2026-08-12,Kisumu Port,41771.38
2026-08-13,Kisumu Port,43882.82
2026-08-14,Kisumu Port,50376.83
2026-08-15,Kisumu Port,47240.71
2026-08-16,Kisumu Port,51636.22
2026-08-17,Kisumu Port,45234.31
2026-08-18,Kisumu Port,45916.36
2026-08-19,Kisumu Port,43868.91
2026-08-20,Kisumu Port,45857.08
2026-08-21,Kisumu Port,51018.44
2026-08-22,Kisumu Port,49810.18
2026-08-23,Kisumu Port,49807.77
2026-08-24,Kisumu Port,45055.35
2026-08-25,Kisumu Port,43419.09
2026-08-26,Kisumu Port,44446.53
2026-08-27,Kisumu Port,44436.45
2026-08-28,Kisumu Port,50005.72
2026-08-29,Kisumu Port,50891.37
2026-08-30,Kisumu Port,47925.77
2026-08-31,Kisumu Port,44468.94
2025-09-01,Eldoret Depot,36366.24
2025-09-02,Eldoret Depot,34591.07
2025-09-03,Eldoret Depot,36954.7
2025-09-04,Eldoret Depot,37206.35
2025-09-05,Eldoret Depot,37790.57
2025-09-06,Eldoret Depot,38648.63
2025-09-07,Eldoret Depot,40538.27
2025-09-08,Eldoret Depot,35554.54
2025-09-09,Eldoret Depot,35952.72
2025-09-10,Eldoret Depot,34852.24
2025-09-11,Eldoret Depot,37142.89
2025-09-12,Eldoret Depot,41413.06
2025-09-13,Eldoret Depot,40478.28
2025-09-14,Eldoret Depot,41884.29
2025-09-15,Eldoret Depot,36619.12
2025-09-16,Eldoret Depot,34873.89
2025-09-17,Eldoret Depot,36501.53
2025-09-18,Eldoret Depot,34756.15
2025-09-19,Eldoret Depot,41589.0
2025-09-20,Eldoret Depot,40371.6
2025-09-21,Eldoret Depot,40202.01
2025-09-22,Eldoret Depot,35156.21
2025-09-23,Eldoret Depot,37678.29
2025-09-24,Eldoret Depot,35870.53
2025-09-25,Eldoret Depot,35519.58
2025-09-26,Eldoret Depot,40031.1
2025-09-27,Eldoret Depot,41210.0
2025-09-28,Eldoret Depot,41001.66
2025-09-29,Eldoret Depot,36676.49
2025-09-30,Eldoret Depot,36713.27
2025-10-01,Eldoret Depot,38984.94
2025-10-02,Eldoret Depot,35635.37
2025-10-03,Eldoret Depot,39910.04
2025-10-04,Eldoret Depot,39526.87
2025-10-05,Eldoret Depot,41429.48
2025-10-06,Eldoret Depot,37722.46
2025-10-07,Eldoret Depot,36098.11
2025-10-08,Eldoret Depot,35156.31
2025-10-09,Eldoret Depot,35194.29
2025-10-10,Eldoret Depot,41559.15
2025-10-11,Eldoret Depot,41699.71
2025-10-12,Eldoret Depot,41454.31
2025-10-13,Eldoret Depot,35478.08
2025-10-14,Eldoret Depot,36682.69
2025-10-15,Eldoret Depot,36550.42
2025-10-16,Eldoret Depot,36705.7
2025-10-17,Eldoret Depot,41988.42
2025-10-18,Eldoret Depot,41154.86
2025-10-19,Eldoret Depot,41777.93
2025-10-20,Eldoret Depot,41543.47
2025-10-21,Eldoret Depot,36908.88
2025-10-22,Eldoret Depot,37383.97
2025-10-23,Eldoret Depot,34651.11
2025-10-24,Eldoret Depot,40576.93
2025-10-25,Eldoret Depot,40402.8
2025-10-26,Eldoret Depot,40205.61
2025-10-27,Eldoret Depot,36311.42
2025-10-28,Eldoret Depot,38674.05
2025-10-29,Eldoret Depot,35584.39
2025-10-30,Eldoret Depot,38032.41
2025-10-31,Eldoret Depot,38960.31
2025-11-01,Eldoret Depot,40767.49
2025-11-02,Eldoret Depot,41452.64
2025-11-03,Eldoret Depot,37640.3
2025-11-04,Eldoret Depot,37834.4
2025-11-05,Eldoret Depot,37972.29
2025-11-06,Eldoret Depot,36494.66
2025-11-07,Eldoret Depot,40774.97
2025-11-08,Eldoret Depot,42548.49
2025-11-09,Eldoret Depot,41194.52
2025-11-10,Eldoret Depot,35394.59
2025-11-11,Eldoret Depot,35614.39
2025-11-12,Eldoret Depot,35928.86
2025-11-13,Eldoret Depot,37831.37
2025-11-14,Eldoret Depot,41796.05
2025-11-15,Eldoret Depot,42552.78
2025-11-16,Eldoret Depot,41111.0
2025-11-17,Eldoret Depot,37518.22
2025-11-18,Eldoret Depot,38169.05
2025-11-19,Eldoret Depot,36969.58
2025-11-20,Eldoret Depot,38015.83
2025-11-21,Eldoret Depot,40974.43
2025-11-22,Eldoret Depot,41404.55
2025-11-23,Eldoret Depot,41415.79
2025-11-24,Eldoret Depot,35977.38
2025-11-25,Eldoret Depot,38235.19
2025-11-26,Eldoret Depot,37009.56
2025-11-27,Eldoret Depot,37682.72
2025-11-28,Eldoret Depot,42738.15
2025-11-29,Eldoret Depot,42730.58
2025-11-30,Eldoret Depot,43057.32
2025-12-01,Eldoret Depot,37687.11
2025-12-02,Eldoret Depot,37296.71
2025-12-03,Eldoret Depot,37788.81
2025-12-04,Eldoret Depot,35705.57
2025-12-05,Eldoret Depot,40461.69
2025-12-06,Eldoret Depot,40665.16
2025-12-07,Eldoret Depot,41134.21
2025-12-08,Eldoret Depot,38617.92
2025-12-09,Eldoret Depot,36934.82
2025-12-10,Eldoret Depot,37670.9
2025-12-11,Eldoret Depot,39925.25
2025-12-12,Eldoret Depot,48780.36
2025-12-13,Eldoret Depot,43664.67
2025-12-14,Eldoret Depot,41499.44
2025-12-15,Eldoret Depot,38101.45
2025-12-16,Eldoret Depot,37159.55
2025-12-17,Eldoret Depot,38007.13
2025-12-18,Eldoret Depot,39605.05
2025-12-19,Eldoret Depot,40657.08
2025-12-20,Eldoret Depot,43551.99
2025-12-21,Eldoret Depot,43333.86
2025-12-22,Eldoret Depot,47227.35
2025-12-23,Eldoret Depot,46144.5
2025-12-24,Eldoret Depot,48190.23
2025-12-25,Eldoret Depot,47437.88
2025-12-26,Eldoret Depot,52885.79
2025-12-27,Eldoret Depot,52649.39
2025-12-28,Eldoret Depot,54776.82
2025-12-29,Eldoret Depot,47988.47
2025-12-30,Eldoret Depot,46995.37
2025-12-31,Eldoret Depot,48625.01
2026-01-01,Eldoret Depot,47077.84
2026-01-02,Eldoret Depot,53023.55
2026-01-03,Eldoret Depot,44673.72
2026-01-04,Eldoret Depot,44084.38
2026-01-05,Eldoret Depot,41186.77
2026-01-06,Eldoret Depot,37727.89
2026-01-07,Eldoret Depot,38494.4
2026-01-08,Eldoret Depot,38157.53
2026-01-09,Eldoret Depot,43307.74
2026-01-10,Eldoret Depot,42046.67
2026-01-11,Eldoret Depot,44743.82
2026-01-12,Eldoret Depot,39253.51
2026-01-13,Eldoret Depot,37646.71
2026-01-14,Eldoret Depot,38288.83
2026-01-15,Eldoret Depot,40084.34
2026-01-16,Eldoret Depot,45217.81
2026-01-17,Eldoret Depot,46788.01
2026-01-18,Eldoret Depot,48039.33
2026-01-19,Eldoret Depot,40380.61
2026-01-20,Eldoret Depot,38567.8
2026-01-21,Eldoret Depot,37099.93
2026-01-22,Eldoret Depot,40307.67
2026-01-23,Eldoret Depot,43321.09
2026-01-24,Eldoret Depot,43885.6
2026-01-25,Eldoret Depot,43665.4
2026-01-26,Eldoret Depot,39926.82
2026-01-27,Eldoret Depot,41558.84
2026-01-28,Eldoret Depot,40397.92
2026-01-29,Eldoret Depot,40019.85
2026-01-30,Eldoret Depot,43300.59
2026-01-31,Eldoret Depot,42495.24
2026-02-01,Eldoret Depot,44101.81
2026-02-02,Eldoret Depot,40310.41
2026-02-03,Eldoret Depot,42752.46
2026-02-04,Eldoret Depot,40627.89
2026-02-05,Eldoret Depot,41789.99
2026-02-06,Eldoret Depot,44270.28
2026-02-07,Eldoret Depot,43401.5
2026-02-08,Eldoret Depot,43727.65
2026-02-09,Eldoret Depot,39679.99
2026-02-10,Eldoret Depot,43482.23
2026-02-11,Eldoret Depot,39623.48
2026-02-12,Eldoret Depot,41849.24
2026-02-13,Eldoret Depot,43984.97
2026-02-14,Eldoret Depot,46440.57
2026-02-15,Eldoret Depot,45752.76
2026-02-16,Eldoret Depot,40671.24
2026-02-17,Eldoret Depot,40857.21
2026-02-18,Eldoret Depot,40079.36
2026-02-19,Eldoret Depot,41564.8
2026-02-20,Eldoret Depot,44807.33
2026-02-21,Eldoret Depot,43821.67
2026-02-22,Eldoret Depot,43783.76
2026-02-23,Eldoret Depot,41329.24
2026-02-24,Eldoret Depot,43216.22
2026-02-25,Eldoret Depot,41373.01
2026-02-26,Eldoret Depot,41034.82
2026-02-27,Eldoret Depot,45997.9
2026-02-28,Eldoret Depot,47373.32
2026-03-01,Eldoret Depot,45967.35
2026-03-02,Eldoret Depot,40763.29
2026-03-03,Eldoret Depot,42793.54
2026-03-04,Eldoret Depot,41926.3
2026-03-05,Eldoret Depot,43414.2
2026-03-06,Eldoret Depot,46055.1
2026-03-07,Eldoret Depot,44222.73
2026-03-08,Eldoret Depot,44058.41
2026-03-09,Eldoret Depot,43668.5
2026-03-10,Eldoret Depot,43788.97
2026-03-11,Eldoret Depot,41300.77
2026-03-12,Eldoret Depot,41055.47
2026-03-13,Eldoret Depot,47913.47
2026-03-14,Eldoret Depot,44545.69
2026-03-15,Eldoret Depot,44848.11
2026-03-16,Eldoret Depot,42500.04
2026-03-17,Eldoret Depot,41151.19
2026-03-18,Eldoret Depot,41686.06
2026-03-19,Eldoret Depot,41497.36
2026-03-20,Eldoret Depot,46578.51
2026-03-21,Eldoret Depot,48010.11
2026-03-22,Eldoret Depot,46290.65
2026-03-23,Eldoret Depot,42639.45
2026-03-24,Eldoret Depot,39101.11
2026-03-25,Eldoret Depot,41760.43
2026-03-26,Eldoret Depot,40728.59
2026-03-27,Eldoret Depot,44649.25
2026-03-28,Eldoret Depot,45114.87
2026-03-29,Eldoret Depot,45848.45
2026-03-30,Eldoret Depot,43113.46
2026-03-31,Eldoret Depot,40168.11
2026-04-01,Eldoret Depot,41973.38
2026-04-02,Eldoret Depot,41307.35
2026-04-03,Eldoret Depot,53076.94
2026-04-04,Eldoret Depot,54845.64
2026-04-05,Eldoret Depot,54244.36
2026-04-06,Eldoret Depot,50910.97
2026-04-07,Eldoret Depot,41802.72
2026-04-08,Eldoret Depot,41098.61
2026-04-09,Eldoret Depot,41731.86
2026-04-10,Eldoret Depot,46757.06
2026-04-11,Eldoret Depot,46679.17
2026-04-12,Eldoret Depot,45023.36
2026-04-13,Eldoret Depot,42182.36
2026-04-14,Eldoret Depot,42371.87
2026-04-15,Eldoret Depot,45400.89
2026-04-16,Eldoret Depot,44562.0
2026-04-17,Eldoret Depot,45364.55
2026-04-18,Eldoret Depot,46117.28
2026-04-19,Eldoret Depot,44570.21
2026-04-20,Eldoret Depot,41327.09
2026-04-21,Eldoret Depot,42527.82
2026-04-22,Eldoret Depot,43706.89
2026-04-23,Eldoret Depot,41156.25
2026-04-24,Eldoret Depot,45658.19
2026-04-25,Eldoret Depot,43689.82
2026-04-26,Eldoret Depot,46311.65
2026-04-27,Eldoret Depot,40725.66
2026-04-28,Eldoret Depot,41430.43
2026-04-29,Eldoret Depot,40972.64
2026-04-30,Eldoret Depot,42006.04
2026-05-01,Eldoret Depot,48610.2
2026-05-02,Eldoret Depot,44593.41
2026-05-03,Eldoret Depot,49339.61
2026-05-04,Eldoret Depot,40428.28
2026-05-05,Eldoret Depot,40678.18
2026-05-06,Eldoret Depot,44548.52
2026-05-07,Eldoret Depot,45955.93
2026-05-08,Eldoret Depot,44971.82
2026-05-09,Eldoret Depot,46028.85
2026-05-10,Eldoret Depot,46962.06
2026-05-11,Eldoret Depot,44388.97
2026-05-12,Eldoret Depot,40799.94
2026-05-13,Eldoret Depot,41773.96
2026-05-14,Eldoret Depot,43118.57
2026-05-15,Eldoret Depot,47060.77
2026-05-16,Eldoret Depot,45984.4
2026-05-17,Eldoret Depot,46297.97
2026-05-18,Eldoret Depot,40253.1
2026-05-19,Eldoret Depot,41746.58
2026-05-20,Eldoret Depot,41702.01
2026-05-21,Eldoret Depot,42352.45
2026-05-22,Eldoret Depot,45704.98
2026-05-23,Eldoret Depot,47052.16
2026-05-24,Eldoret Depot,47757.92
2026-05-25,Eldoret Depot,42217.4
2026-05-26,Eldoret Depot,42467.37
2026-05-27,Eldoret Depot,42063.73
2026-05-28,Eldoret Depot,41983.92
2026-05-29,Eldoret Depot,45421.32
2026-05-30,Eldoret Depot,46781.25
2026-05-31,Eldoret Depot,46224.5
2026-06-01,Eldoret Depot,50205.09
2026-06-02,Eldoret Depot,44007.87
2026-06-03,Eldoret Depot,42429.07
2026-06-04,Eldoret Depot,40900.99
2026-06-05,Eldoret Depot,44828.09
2026-06-06,Eldoret Depot,47856.82
2026-06-07,Eldoret Depot,46619.16
2026-06-08,Eldoret Depot,42493.75
2026-06-09,Eldoret Depot,39544.53
2026-06-10,Eldoret Depot,43058.85
2026-06-11,Eldoret Depot,42421.54
2026-06-12,Eldoret Depot,44742.83
2026-06-13,Eldoret Depot,45572.93
2026-06-14,Eldoret Depot,46530.03
2026-06-15,Eldoret Depot,41837.62
2026-06-16,Eldoret Depot,41369.0
2026-06-17,Eldoret Depot,41604.23
2026-06-18,Eldoret Depot,41394.27
2026-06-19,Eldoret Depot,46314.2
2026-06-20,Eldoret Depot,48041.02
2026-06-21,Eldoret Depot,42696.39
2026-06-22,Eldoret Depot,41357.38
2026-06-23,Eldoret Depot,41888.59
2026-06-24,Eldoret Depot,42031.79
2026-06-25,Eldoret Depot,41135.58
2026-06-26,Eldoret Depot,43693.01
2026-06-27,Eldoret Depot,46430.16
2026-06-28,Eldoret Depot,48262.6
2026-06-29,Eldoret Depot,39543.06
2026-06-30,Eldoret Depot,42693.24
2026-07-01,Eldoret Depot,41104.55
2026-07-02,Eldoret Depot,41442.47
2026-07-03,Eldoret Depot,44518.81
2026-07-04,Eldoret Depot,45452.39
2026-07-05,Eldoret Depot,47595.18
2026-07-06,Eldoret Depot,42233.5
2026-07-07,Eldoret Depot,43736.37
2026-07-08,Eldoret Depot,42989.26
2026-07-09,Eldoret Depot,42000.08
2026-07-10,Eldoret Depot,48107.96
2026-07-11,Eldoret Depot,46370.98
2026-07-12,Eldoret Depot,46870.08
2026-07-13,Eldoret Depot,40971.37
2026-07-14,Eldoret Depot,41436.49
2026-07-15,Eldoret Depot,40413.96
2026-07-16,Eldoret Depot,42626.83
2026-07-17,Eldoret Depot,44151.35
2026-07-18,Eldoret Depot,46725.69
2026-07-19,Eldoret Depot,45427.73
2026-07-20,Eldoret Depot,42811.98
2026-07-21,Eldoret Depot,42243.78
2026-07-22,Eldoret Depot,43642.74
2026-07-23,Eldoret Depot,42191.14
2026-07-24,Eldoret Depot,43538.62
2026-07-25,Eldoret Depot,45512.72
2026-07-26,Eldoret Depot,44041.63
2026-07-27,Eldoret Depot,40492.32
2026-07-28,Eldoret Depot,43159.25
2026-07-29,Eldoret Depot,41994.17
2026-07-30,Eldoret Depot,40218.45
2026-07-31,Eldoret Depot,44191.58
2026-08-01,Eldoret Depot,45561.84
2026-08-02,Eldoret Depot,43901.84
2026-08-03,Eldoret Depot,40211.17
2026-08-04,Eldoret Depot,41498.56
2026-08-05,Eldoret Depot,42601.62
2026-08-06,Eldoret Depot,41870.34
2026-08-07,Eldoret Depot,42432.73
2026-08-08,Eldoret Depot,45849.73
2026-08-09,Eldoret Depot,45534.08
2026-08-10,Eldoret Depot,41576.66
2026-08-11,Eldoret Depot,43155.36
2026-08-12,Eldoret Depot,38290.43
2026-08-13,Eldoret Depot,40225.92
2026-08-14,Eldoret Depot,46178.76
2026-08-15,Eldoret Depot,43303.98
2026-08-16,Eldoret Depot,47333.2
2026-08-17,Eldoret Depot,41464.78
2026-08-18,Eldoret Depot,42090.0
2026-08-19,Eldoret Depot,40213.17
2026-08-20,Eldoret Depot,42035.65
2026-08-21,Eldoret Depot,46766.9
2026-08-22,Eldoret Depot,45659.33
2026-08-23,Eldoret Depot,45657.13
2026-08-24,Eldoret Depot,41300.74
2026-08-25,Eldoret Depot,39800.83
2026-08-26,Eldoret Depot,40742.66
2026-08-27,Eldoret Depot,40733.41
2026-08-28,Eldoret Depot,45838.57
2026-08-29,Eldoret Depot,46650.42
2026-08-30,Eldoret Depot,43931.95
2026-08-31,Eldoret Depot,40763.2
2025-09-01,Thika Highway,29754.2
2025-09-02,Thika Highway,28301.78
2025-09-03,Thika Highway,30235.67
2025-09-04,Thika Highway,30441.56
2025-09-05,Thika Highway,30919.55
2025-09-06,Thika Highway,31621.6
2025-09-07,Thika Highway,33167.67
2025-09-08,Thika Highway,29090.08
2025-09-09,Thika Highway,29415.86
2025-09-10,Thika Highway,28515.47
2025-09-11,Thika Highway,30389.64
2025-09-12,Thika Highway,33883.41
2025-09-13,Thika Highway,33118.59
2025-09-14,Thika Highway,34268.96
2025-09-15,Thika Highway,29961.1
2025-09-16,Thika Highway,28533.19
2025-09-17,Thika Highway,29864.89
2025-09-18,Thika Highway,28436.85
2025-09-19,Thika Highway,34027.37
2025-09-20,Thika Highway,33031.31
2025-09-21,Thika Highway,32892.55
2025-09-22,Thika Highway,28764.17
2025-09-23,Thika Highway,30827.69
2025-09-24,Thika Highway,29348.62
2025-09-25,Thika Highway,29061.47
2025-09-26,Thika Highway,32752.72
2025-09-27,Thika Highway,33717.28
2025-09-28,Thika Highway,33546.82
2025-09-29,Thika Highway,30008.04
2025-09-30,Thika Highway,30038.13
2025-10-01,Thika Highway,31896.77
2025-10-02,Thika Highway,29156.21
2025-10-03,Thika Highway,32653.67
2025-10-04,Thika Highway,32340.17
2025-10-05,Thika Highway,33896.85
2025-10-06,Thika Highway,30863.83
2025-10-07,Thika Highway,29534.82
2025-10-08,Thika Highway,28764.26
2025-10-09,Thika Highway,28795.33
2025-10-10,Thika Highway,34002.94
2025-10-11,Thika Highway,34117.94
2025-10-12,Thika Highway,33917.16
2025-10-13,Thika Highway,29027.52
2025-10-14,Thika Highway,30013.11
2025-10-15,Thika Highway,29904.89
2025-10-16,Thika Highway,30031.94
2025-10-17,Thika Highway,34354.16
2025-10-18,Thika Highway,33672.16
2025-10-19,Thika Highway,34181.94
2025-10-20,Thika Highway,33990.11
2025-10-21,Thika Highway,30198.17
2025-10-22,Thika Highway,30586.89
2025-10-23,Thika Highway,28350.91
2025-10-24,Thika Highway,33199.31
2025-10-25,Thika Highway,33056.83
2025-10-26,Thika Highway,32895.5
2025-10-27,Thika Highway,29709.35
2025-10-28,Thika Highway,31642.41
2025-10-29,Thika Highway,29114.5
2025-10-30,Thika Highway,31117.43
2025-10-31,Thika Highway,31876.62
2025-11-01,Thika Highway,33355.22
2025-11-02,Thika Highway,33915.8
2025-11-03,Thika Highway,30796.61
2025-11-04,Thika Highway,30955.42
2025-11-05,Thika Highway,31068.24
2025-11-06,Thika Highway,29859.27
2025-11-07,Thika Highway,33361.34
2025-11-08,Thika Highway,34812.4
2025-11-09,Thika Highway,33704.6
2025-11-10,Thika Highway,28959.21
2025-11-11,Thika Highway,29139.05
2025-11-12,Thika Highway,29396.34
2025-11-13,Thika Highway,30952.94
2025-11-14,Thika Highway,34196.77
2025-11-15,Thika Highway,34815.91
2025-11-16,Thika Highway,33636.27
2025-11-17,Thika Highway,30696.73
2025-11-18,Thika Highway,31229.22
2025-11-19,Thika Highway,30247.84
2025-11-20,Thika Highway,31103.86
2025-11-21,Thika Highway,33524.54
2025-11-22,Thika Highway,33876.45
2025-11-23,Thika Highway,33885.65
2025-11-24,Thika Highway,29436.04
2025-11-25,Thika Highway,31283.34
2025-11-26,Thika Highway,30280.55
2025-11-27,Thika Highway,30831.32
2025-11-28,Thika Highway,34967.57
2025-11-29,Thika Highway,34961.38
2025-11-30,Thika Highway,35228.72
2025-12-01,Thika Highway,30834.91
2025-12-02,Thika Highway,30515.49
2025-12-03,Thika Highway,30918.12
2025-12-04,Thika Highway,29213.65
2025-12-05,Thika Highway,33105.02
2025-12-06,Thika Highway,33271.49
2025-12-07,Thika Highway,33655.26
2025-12-08,Thika Highway,31596.48
2025-12-09,Thika Highway,30219.4
2025-12-10,Thika Highway,30821.64
2025-12-11,Thika Highway,32666.11
2025-12-12,Thika Highway,39911.2
2025-12-13,Thika Highway,35725.64
2025-12-14,Thika Highway,33954.09
2025-12-15,Thika Highway,31173.91
2025-12-16,Thika Highway,30403.27
2025-12-17,Thika Highway,31096.74
2025-12-18,Thika Highway,32404.13
2025-12-19,Thika Highway,33264.88
2025-12-20,Thika Highway,35633.44
2025-12-21,Thika Highway,35454.98
2025-12-22,Thika Highway,38640.56
2025-12-23,Thika Highway,37754.59
2025-12-24,Thika Highway,39428.37
2025-12-25,Thika Highway,38812.81
2025-12-26,Thika Highway,43270.19
2025-12-27,Thika Highway,43076.77
2025-12-28,Thika Highway,44817.4
2025-12-29,Thika Highway,39263.29
2025-12-30,Thika Highway,38450.76
2025-12-31,Thika Highway,39784.1
2026-01-01,Thika Highway,38518.24
2026-01-02,Thika Highway,43382.9
2026-01-03,Thika Highway,36551.23
2026-01-04,Thika Highway,36069.04
2026-01-05,Thika Highway,33698.26
2026-01-06,Thika Highway,30868.28
2026-01-07,Thika Highway,31495.41
2026-01-08,Thika Highway,31219.8
2026-01-09,Thika Highway,35433.61
2026-01-10,Thika Highway,34401.82
2026-01-11,Thika Highway,36608.58
2026-01-12,Thika Highway,32116.51
2026-01-13,Thika Highway,30801.86
2026-01-14,Thika Highway,31327.23
2026-01-15,Thika Highway,32796.28
2026-01-16,Thika Highway,36996.39
2026-01-17,Thika Highway,38281.1
2026-01-18,Thika Highway,39304.91
2026-01-19,Thika Highway,33038.68
2026-01-20,Thika Highway,31555.47
2026-01-21,Thika Highway,30354.49
2026-01-22,Thika Highway,32979.0
2026-01-23,Thika Highway,35444.53
2026-01-24,Thika Highway,35906.4
2026-01-25,Thika Highway,35726.24
2026-01-26,Thika Highway,32667.4
2026-01-27,Thika Highway,34002.69
2026-01-28,Thika Highway,33052.84
2026-01-29,Thika Highway,32743.52
2026-01-30,Thika Highway,35427.76
2026-01-31,Thika Highway,34768.83
2026-02-01,Thika Highway,36083.3
2026-02-02,Thika Highway,32981.24
2026-02-03,Thika Highway,34979.29
2026-02-04,Thika Highway,33241.0
2026-02-05,Thika Highway,34191.81
2026-02-06,Thika Highway,36221.14
2026-02-07,Thika Highway,35510.32
2026-02-08,Thika Highway,35777.17
2026-02-09,Thika Highway,32465.44
2026-02-10,Thika Highway,35576.37
2026-02-11,Thika Highway,32419.21
2026-02-12,Thika Highway,34240.29
2026-02-13,Thika Highway,35987.7
2026-02-14,Thika Highway,37996.83
2026-02-15,Thika Highway,37434.07
2026-02-16,Thika Highway,33276.46
2026-02-17,Thika Highway,33428.63
2026-02-18,Thika Highway,32792.21
2026-02-19,Thika Highway,34007.56
2026-02-20,Thika Highway,36660.55
2026-02-21,Thika Highway,35854.09
2026-02-22,Thika Highway,35823.08
2026-02-23,Thika Highway,33814.83
2026-02-24,Thika Highway,35358.73
2026-02-25,Thika Highway,33850.64
2026-02-26,Thika Highway,33573.94
2026-02-27,Thika Highway,37634.65
2026-02-28,Thika Highway,38759.99
2026-03-01,Thika Highway,37609.65
2026-03-02,Thika Highway,33351.78
2026-03-03,Thika Highway,35012.9
2026-03-04,Thika Highway,34303.33
2026-03-05,Thika Highway,35520.71
2026-03-06,Thika Highway,37681.45
2026-03-07,Thika Highway,36182.23
2026-03-08,Thika Highway,36047.79
2026-03-09,Thika Highway,35728.78
2026-03-10,Thika Highway,35827.34
2026-03-11,Thika Highway,33791.54
2026-03-12,Thika Highway,33590.84
2026-03-13,Thika Highway,39201.93
2026-03-14,Thika Highway,36446.47
2026-03-15,Thika Highway,36693.91
2026-03-16,Thika Highway,34772.76
2026-03-17,Thika Highway,33669.16
2026-03-18,Thika Highway,34106.78
2026-03-19,Thika Highway,33952.38
2026-03-20,Thika Highway,38109.69
2026-03-21,Thika Highway,39281.0
2026-03-22,Thika Highway,37874.17
2026-03-23,Thika Highway,34886.82
2026-03-24,Thika Highway,31991.82
2026-03-25,Thika Highway,34167.62
2026-03-26,Thika Highway,33323.39
2026-03-27,Thika Highway,36531.21
2026-03-28,Thika Highway,36912.17
2026-03-29,Thika Highway,37512.37
2026-03-30,Thika Highway,35274.64
2026-03-31,Thika Highway,32864.82
2026-04-01,Thika Highway,34341.85
2026-04-02,Thika Highway,33796.92
2026-04-03,Thika Highway,43426.59
2026-04-04,Thika Highway,44873.71
2026-04-05,Thika Highway,44381.75
2026-04-06,Thika Highway,41654.43
2026-04-07,Thika Highway,34202.23
2026-04-08,Thika Highway,33626.13
2026-04-09,Thika Highway,34144.25
2026-04-10,Thika Highway,38255.78
2026-04-11,Thika Highway,38192.05
2026-04-12,Thika Highway,36837.29
2026-04-13,Thika Highway,34512.84
2026-04-14,Thika Highway,34667.89
2026-04-15,Thika Highway,37146.18
2026-04-16,Thika Highway,36459.82
2026-04-17,Thika Highway,37116.45
2026-04-18,Thika Highway,37732.32
2026-04-19,Thika Highway,36466.54
2026-04-20,Thika Highway,33813.07
2026-04-21,Thika Highway,34795.49
2026-04-22,Thika Highway,35760.18
2026-04-23,Thika Highway,33673.29
2026-04-24,Thika Highway,37356.7
2026-04-25,Thika Highway,35746.22
2026-04-26,Thika Highway,37891.35
2026-04-27,Thika Highway,33321.0
2026-04-28,Thika Highway,33897.62
2026-04-29,Thika Highway,33523.07
2026-04-30,Thika Highway,34368.57
2026-05-01,Thika Highway,39771.98
2026-05-02,Thika Highway,36485.52
2026-05-03,Thika Highway,40368.77
2026-05-04,Thika Highway,33077.68
2026-05-05,Thika Highway,33282.15
2026-05-06,Thika Highway,36448.79
2026-05-07,Thika Highway,37600.3
2026-05-08,Thika Highway,36795.13
2026-05-09,Thika Highway,37659.97
2026-05-10,Thika Highway,38423.5
2026-05-11,Thika Highway,36318.25
2026-05-12,Thika Highway,33381.77
2026-05-13,Thika Highway,34178.69
2026-05-14,Thika Highway,35278.83
2026-05-15,Thika Highway,38504.27
2026-05-16,Thika Highway,37623.6
2026-05-17,Thika Highway,37880.16
2026-05-18,Thika Highway,32934.35
2026-05-19,Thika Highway,34156.29
2026-05-20,Thika Highway,34119.83
2026-05-21,Thika Highway,34652.01
2026-05-22,Thika Highway,37394.99
2026-05-23,Thika Highway,38497.22
2026-05-24,Thika Highway,39074.66
2026-05-25,Thika Highway,34541.51
2026-05-26,Thika Highway,34746.03
2026-05-27,Thika Highway,34415.78
2026-05-28,Thika Highway,34350.48
2026-05-29,Thika Highway,37162.9
2026-05-30,Thika Highway,38275.57
2026-05-31,Thika Highway,37820.04
2026-06-01,Thika Highway,41076.89
2026-06-02,Thika Highway,36006.44
2026-06-03,Thika Highway,34714.69
2026-06-04,Thika Highway,33464.44
2026-06-05,Thika Highway,36677.53
2026-06-06,Thika Highway,39155.58
2026-06-07,Thika Highway,38142.95
2026-06-08,Thika Highway,34767.61
2026-06-09,Thika Highway,32354.62
2026-06-10,Thika Highway,35229.97
2026-06-11,Thika Highway,34708.53
2026-06-12,Thika Highway,36607.77
2026-06-13,Thika Highway,37286.94
2026-06-14,Thika Highway,38070.03
2026-06-15,Thika Highway,34230.78
2026-06-16,Thika Highway,33847.36
2026-06-17,Thika Highway,34039.82
2026-06-18,Thika Highway,33868.04
2026-06-19,Thika Highway,37893.44
2026-06-20,Thika Highway,39306.29
2026-06-21,Thika Highway,34933.41
2026-06-22,Thika Highway,33837.86
2026-06-23,Thika Highway,34272.48
2026-06-24,Thika Highway,34389.65
2026-06-25,Thika Highway,33656.39
2026-06-26,Thika Highway,35748.83
2026-06-27,Thika Highway,37988.32
2026-06-28,Thika Highway,39487.58
2026-06-29,Thika Highway,32353.41
2026-06-30,Thika Highway,34930.83
2026-07-01,Thika Highway,33631.0
2026-07-02,Thika Highway,33907.48
2026-07-03,Thika Highway,36424.48
2026-07-04,Thika Highway,37188.32
2026-07-05,Thika Highway,38941.51
2026-07-06,Thika Highway,34554.68
2026-07-07,Thika Highway,35784.3
2026-07-08,Thika Highway,35173.03
2026-07-09,Thika Highway,34363.7
2026-07-10,Thika Highway,39361.06
2026-07-11,Thika Highway,37939.89
2026-07-12,Thika Highway,38348.24
2026-07-13,Thika Highway,33522.03
2026-07-14,Thika Highway,33902.58
2026-07-15,Thika Highway,33065.96
2026-07-16,Thika Highway,34876.49
2026-07-17,Thika Highway,36123.84
2026-07-18,Thika Highway,38230.11
2026-07-19,Thika Highway,37168.14
2026-07-20,Thika Highway,35027.98
2026-07-21,Thika Highway,34563.09
2026-07-22,Thika Highway,35707.7
2026-07-23,Thika Highway,34520.02
2026-07-24,Thika Highway,35622.51
2026-07-25,Thika Highway,37237.68
2026-07-26,Thika Highway,36034.06
2026-07-27,Thika Highway,33130.08
2026-07-28,Thika Highway,35312.12
2026-07-29,Thika Highway,34358.87
2026-07-30,Thika Highway,32906.01
2026-07-31,Thika Highway,36156.75
2026-08-01,Thika Highway,37277.87
2026-08-02,Thika Highway,35919.68
2026-08-03,Thika Highway,32900.05
2026-08-04,Thika Highway,33953.37
2026-08-05,Thika Highway,34855.87
2026-08-06,Thika Highway,34257.55
2026-08-07,Thika Highway,34717.69
2026-08-08,Thika Highway,37513.41
2026-08-09,Thika Highway,37255.16
2026-08-10,Thika Highway,34017.27
2026-08-11,Thika Highway,35308.93
2026-08-12,Thika Highway,31328.54
2026-08-13,Thika Highway,32912.11
2026-08-14,Thika Highway,37782.62
2026-08-15,Thika Highway,35430.53
2026-08-16,Thika Highway,38727.16
2026-08-17,Thika Highway,33925.73
2026-08-18,Thika Highway,34437.27
2026-08-19,Thika Highway,32901.69
2026-08-20,Thika Highway,34392.81
2026-08-21,Thika Highway,38263.83
2026-08-22,Thika Highway,37357.63
2026-08-23,Thika Highway,37355.83
2026-08-24,Thika Highway,33791.51
2026-08-25,Thika Highway,32564.31
2026-08-26,Thika Highway,33334.9
2026-08-27,Thika Highway,33327.34
2026-08-28,Thika Highway,37504.29
2026-08-29,Thika Highway,38168.52
2026-08-30,Thika Highway,35944.33
2026-08-31,Thika Highway,33351.7
2025-09-01,Nyeri Station,23142.15
2025-09-02,Nyeri Station,22012.5
2025-09-03,Nyeri Station,23516.63
2025-09-04,Nyeri Station,23676.77
2025-09-05,Nyeri Station,24048.54
2025-09-06,Nyeri Station,24594.58
2025-09-07,Nyeri Station,25797.08
2025-09-08,Nyeri Station,22625.62
2025-09-09,Nyeri Station,22879.0
2025-09-10,Nyeri Station,22178.7
2025-09-11,Nyeri Station,23636.39
2025-09-12,Nyeri Station,26353.76
2025-09-13,Nyeri Station,25758.9
2025-09-14,Nyeri Station,26653.64
2025-09-15,Nyeri Station,23303.08
2025-09-16,Nyeri Station,22192.48
2025-09-17,Nyeri Station,23228.25
2025-09-18,Nyeri Station,22117.55
2025-09-19,Nyeri Station,26465.73
2025-09-20,Nyeri Station,25691.02
2025-09-21,Nyeri Station,25583.1
2025-09-22,Nyeri Station,22372.14
2025-09-23,Nyeri Station,23977.09
2025-09-24,Nyeri Station,22826.7
2025-09-25,Nyeri Station,22603.37
2025-09-26,Nyeri Station,25474.34
2025-09-27,Nyeri Station,26224.55
2025-09-28,Nyeri Station,26091.97
2025-09-29,Nyeri Station,23339.59
2025-09-30,Nyeri Station,23362.99
2025-10-01,Nyeri Station,24808.6
2025-10-02,Nyeri Station,22677.06
2025-10-03,Nyeri Station,25397.3
2025-10-04,Nyeri Station,25153.46
2025-10-05,Nyeri Station,26364.22
2025-10-06,Nyeri Station,24005.2
2025-10-07,Nyeri Station,22971.53
2025-10-08,Nyeri Station,22372.2
2025-10-09,Nyeri Station,22396.36
2025-10-10,Nyeri Station,26446.73
2025-10-11,Nyeri Station,26536.18
2025-10-12,Nyeri Station,26380.01
2025-10-13,Nyeri Station,22576.96
2025-10-14,Nyeri Station,23343.53
2025-10-15,Nyeri Station,23259.36
2025-10-16,Nyeri Station,23358.17
2025-10-17,Nyeri Station,26719.91
2025-10-18,Nyeri Station,26189.46
2025-10-19,Nyeri Station,26585.95
2025-10-20,Nyeri Station,26436.76
2025-10-21,Nyeri Station,23487.47
2025-10-22,Nyeri Station,23789.8
2025-10-23,Nyeri Station,22050.71
2025-10-24,Nyeri Station,25821.68
2025-10-25,Nyeri Station,25710.87
2025-10-26,Nyeri Station,25585.39
2025-10-27,Nyeri Station,23107.27
2025-10-28,Nyeri Station,24610.76
2025-10-29,Nyeri Station,22644.61
2025-10-30,Nyeri Station,24202.44
2025-10-31,Nyeri Station,24792.93
2025-11-01,Nyeri Station,25942.95
2025-11-02,Nyeri Station,26378.95
2025-11-03,Nyeri Station,23952.92
2025-11-04,Nyeri Station,24076.43
2025-11-05,Nyeri Station,24164.19
2025-11-06,Nyeri Station,23223.87
2025-11-07,Nyeri Station,25947.71
2025-11-08,Nyeri Station,27076.31
2025-11-09,Nyeri Station,26214.69
2025-11-10,Nyeri Station,22523.83
2025-11-11,Nyeri Station,22663.71
2025-11-12,Nyeri Station,22863.82
2025-11-13,Nyeri Station,24074.51
2025-11-14,Nyeri Station,26597.49
2025-11-15,Nyeri Station,27079.04
2025-11-16,Nyeri Station,26161.54
2025-11-17,Nyeri Station,23875.23
2025-11-18,Nyeri Station,24289.39
2025-11-19,Nyeri Station,23526.09
2025-11-20,Nyeri Station,24191.89
2025-11-21,Nyeri Station,26074.64
2025-11-22,Nyeri Station,26348.35
2025-11-23,Nyeri Station,26355.5
2025-11-24,Nyeri Station,22894.7
2025-11-25,Nyeri Station,24331.48
2025-11-26,Nyeri Station,23551.54
2025-11-27,Nyeri Station,23979.91
2025-11-28,Nyeri Station,27197.0
2025-11-29,Nyeri Station,27192.19
2025-11-30,Nyeri Station,27400.11
2025-12-01,Nyeri Station,23982.71
2025-12-02,Nyeri Station,23734.27
2025-12-03,Nyeri Station,24047.43
2025-12-04,Nyeri Station,22721.73
2025-12-05,Nyeri Station,25748.35
2025-12-06,Nyeri Station,25877.83
2025-12-07,Nyeri Station,26176.31
2025-12-08,Nyeri Station,24575.04
2025-12-09,Nyeri Station,23503.98
2025-12-10,Nyeri Station,23972.39
2025-12-11,Nyeri Station,25406.98
2025-12-12,Nyeri Station,31042.05
2025-12-13,Nyeri Station,27786.61
2025-12-14,Nyeri Station,26408.73
2025-12-15,Nyeri Station,24246.38
2025-12-16,Nyeri Station,23646.98
2025-12-17,Nyeri Station,24186.35
2025-12-18,Nyeri Station,25203.21
2025-12-19,Nyeri Station,25872.69
2025-12-20,Nyeri Station,27714.9
2025-12-21,Nyeri Station,27576.09
2025-12-22,Nyeri Station,30053.77
2025-12-23,Nyeri Station,29364.68
2025-12-24,Nyeri Station,30666.51
2025-12-25,Nyeri Station,30187.75
2025-12-26,Nyeri Station,33654.59
2025-12-27,Nyeri Station,33504.16
2025-12-28,Nyeri Station,34857.98
2025-12-29,Nyeri Station,30538.12
2025-12-30,Nyeri Station,29906.15
2025-12-31,Nyeri Station,30943.19
2026-01-01,Nyeri Station,29958.63
2026-01-02,Nyeri Station,33742.26
2026-01-03,Nyeri Station,28428.73
2026-01-04,Nyeri Station,28053.7
2026-01-05,Nyeri Station,26209.76
2026-01-06,Nyeri Station,24008.66
2026-01-07,Nyeri Station,24496.43
2026-01-08,Nyeri Station,24282.07
2026-01-09,Nyeri Station,27559.47
2026-01-10,Nyeri Station,26756.97
2026-01-11,Nyeri Station,28473.34
2026-01-12,Nyeri Station,24979.51
2026-01-13,Nyeri Station,23957.0
2026-01-14,Nyeri Station,24365.62
2026-01-15,Nyeri Station,25508.22
2026-01-16,Nyeri Station,28774.97
2026-01-17,Nyeri Station,29774.19
2026-01-18,Nyeri Station,30570.48
2026-01-19,Nyeri Station,25696.75
2026-01-20,Nyeri Station,24543.15
2026-01-21,Nyeri Station,23609.04
2026-01-22,Nyeri Station,25650.34
2026-01-23,Nyeri Station,27567.97
2026-01-24,Nyeri Station,27927.2
2026-01-25,Nyeri Station,27787.07
2026-01-26,Nyeri Station,25407.98
2026-01-27,Nyeri Station,26446.53
2026-01-28,Nyeri Station,25707.76
2026-01-29,Nyeri Station,25467.18
2026-01-30,Nyeri Station,27554.92
2026-01-31,Nyeri Station,27042.43
2026-02-01,Nyeri Station,28064.79
2026-02-02,Nyeri Station,25652.08
2026-02-03,Nyeri Station,27206.11
2026-02-04,Nyeri Station,25854.11
2026-02-05,Nyeri Station,26593.63
2026-02-06,Nyeri Station,28171.99
2026-02-07,Nyeri Station,27619.14
2026-02-08,Nyeri Station,27826.69
2026-02-09,Nyeri Station,25250.9
2026-02-10,Nyeri Station,27670.51
2026-02-11,Nyeri Station,25214.94
2026-02-12,Nyeri Station,26631.33
2026-02-13,Nyeri Station,27990.44
2026-02-14,Nyeri Station,29553.09
2026-02-15,Nyeri Station,29115.39
2026-02-16,Nyeri Station,25881.7
2026-02-17,Nyeri Station,26000.04
2026-02-18,Nyeri Station,25505.05
2026-02-19,Nyeri Station,26450.33
2026-02-20,Nyeri Station,28513.76
2026-02-21,Nyeri Station,27886.51
2026-02-22,Nyeri Station,27862.39
2026-02-23,Nyeri Station,26300.43
2026-02-24,Nyeri Station,27501.23
2026-02-25,Nyeri Station,26328.28
2026-02-26,Nyeri Station,26113.07
2026-02-27,Nyeri Station,29271.39
2026-02-28,Nyeri Station,30146.66
2026-03-01,Nyeri Station,29251.95
2026-03-02,Nyeri Station,25940.27
2026-03-03,Nyeri Station,27232.25
2026-03-04,Nyeri Station,26680.37
2026-03-05,Nyeri Station,27627.22
2026-03-06,Nyeri Station,29307.79
2026-03-07,Nyeri Station,28141.74
2026-03-08,Nyeri Station,28037.17
2026-03-09,Nyeri Station,27789.05
2026-03-10,Nyeri Station,27865.71
2026-03-11,Nyeri Station,26282.31
2026-03-12,Nyeri Station,26126.21
2026-03-13,Nyeri Station,30490.39
2026-03-14,Nyeri Station,28347.26
2026-03-15,Nyeri Station,28539.71
2026-03-16,Nyeri Station,27045.48
2026-03-17,Nyeri Station,26187.12
2026-03-18,Nyeri Station,26527.49
2026-03-19,Nyeri Station,26407.41
2026-03-20,Nyeri Station,29640.87
2026-03-21,Nyeri Station,30551.89
2026-03-22,Nyeri Station,29457.69
2026-03-23,Nyeri Station,27134.2
2026-03-24,Nyeri Station,24882.52
2026-03-25,Nyeri Station,26574.82
2026-03-26,Nyeri Station,25918.19
2026-03-27,Nyeri Station,28413.16
2026-03-28,Nyeri Station,28709.46
2026-03-29,Nyeri Station,29176.29
2026-03-30,Nyeri Station,27435.84
2026-03-31,Nyeri Station,25561.52
2026-04-01,Nyeri Station,26710.33
2026-04-02,Nyeri Station,26286.49
2026-04-03,Nyeri Station,33776.24
2026-04-04,Nyeri Station,34901.77
2026-04-05,Nyeri Station,34519.14
2026-04-06,Nyeri Station,32397.89
2026-04-07,Nyeri Station,26601.73
2026-04-08,Nyeri Station,26153.66
2026-04-09,Nyeri Station,26556.64
2026-04-10,Nyeri Station,29754.49
2026-04-11,Nyeri Station,29704.93
2026-04-12,Nyeri Station,28651.23
2026-04-13,Nyeri Station,26843.32
2026-04-14,Nyeri Station,26963.92
2026-04-15,Nyeri Station,28891.48
2026-04-16,Nyeri Station,28357.64
2026-04-17,Nyeri Station,28868.35
2026-04-18,Nyeri Station,29347.36
2026-04-19,Nyeri Station,28362.86
2026-04-20,Nyeri Station,26299.06
2026-04-21,Nyeri Station,27063.16
2026-04-22,Nyeri Station,27813.47
2026-04-23,Nyeri Station,26190.34
2026-04-24,Nyeri Station,29055.21
2026-04-25,Nyeri Station,27802.61
2026-04-26,Nyeri Station,29471.05
2026-04-27,Nyeri Station,25916.33
2026-04-28,Nyeri Station,26364.82
2026-04-29,Nyeri Station,26073.5
2026-04-30,Nyeri Station,26731.11
2026-05-01,Nyeri Station,30933.76
2026-05-02,Nyeri Station,28377.63
2026-05-03,Nyeri Station,31397.93
2026-05-04,Nyeri Station,25727.09
2026-05-05,Nyeri Station,25886.12
2026-05-06,Nyeri Station,28349.06
2026-05-07,Nyeri Station,29244.68
2026-05-08,Nyeri Station,28618.43
2026-05-09,Nyeri Station,29291.09
2026-05-10,Nyeri Station,29884.95
2026-05-11,Nyeri Station,28247.53
2026-05-12,Nyeri Station,25963.6
2026-05-13,Nyeri Station,26583.43
2026-05-14,Nyeri Station,27439.09
2026-05-15,Nyeri Station,29947.76
2026-05-16,Nyeri Station,29262.8
2026-05-17,Nyeri Station,29462.34
2026-05-18,Nyeri Station,25615.61
2026-05-19,Nyeri Station,26566.0
2026-05-20,Nyeri Station,26537.64
2026-05-21,Nyeri Station,26951.56
2026-05-22,Nyeri Station,29084.99
2026-05-23,Nyeri Station,29942.28
2026-05-24,Nyeri Station,30391.4
2026-05-25,Nyeri Station,26865.62
2026-05-26,Nyeri Station,27024.69
2026-05-27,Nyeri Station,26767.83
2026-05-28,Nyeri Station,26717.04
2026-05-29,Nyeri Station,28904.48
2026-05-30,Nyeri Station,29769.89
2026-05-31,Nyeri Station,29415.59
2026-06-01,Nyeri Station,31948.69
2026-06-02,Nyeri Station,28005.01
2026-06-03,Nyeri Station,27000.32
2026-06-04,Nyeri Station,26027.9
2026-06-05,Nyeri Station,28526.97
2026-06-06,Nyeri Station,30454.34
2026-06-07,Nyeri Station,29666.74
2026-06-08,Nyeri Station,27041.47
2026-06-09,Nyeri Station,25164.7
2026-06-10,Nyeri Station,27401.09
2026-06-11,Nyeri Station,26995.52
2026-06-12,Nyeri Station,28472.71
2026-06-13,Nyeri Station,29000.95
2026-06-14,Nyeri Station,29610.02
2026-06-15,Nyeri Station,26623.94
2026-06-16,Nyeri Station,26325.73
2026-06-17,Nyeri Station,26475.42
2026-06-18,Nyeri Station,26341.81
2026-06-19,Nyeri Station,29472.67
2026-06-20,Nyeri Station,30571.56
2026-06-21,Nyeri Station,27170.43
2026-06-22,Nyeri Station,26318.34
2026-06-23,Nyeri Station,26656.37
2026-06-24,Nyeri Station,26747.51
2026-06-25,Nyeri Station,26177.19
2026-06-26,Nyeri Station,27804.64
2026-06-27,Nyeri Station,29546.47
2026-06-28,Nyeri Station,30712.56
2026-06-29,Nyeri Station,25163.76
2026-06-30,Nyeri Station,27168.43
2026-07-01,Nyeri Station,26157.44
2026-07-02,Nyeri Station,26372.48
2026-07-03,Nyeri Station,28330.15
2026-07-04,Nyeri Station,28924.25
2026-07-05,Nyeri Station,30287.84
2026-07-06,Nyeri Station,26875.87
2026-07-07,Nyeri Station,27832.23
2026-07-08,Nyeri Station,27356.8
2026-07-09,Nyeri Station,26727.33
2026-07-10,Nyeri Station,30614.15
2026-07-11,Nyeri Station,29508.8
2026-07-12,Nyeri Station,29826.41
2026-07-13,Nyeri Station,26072.69
2026-07-14,Nyeri Station,26368.67
2026-07-15,Nyeri Station,25717.97
2026-07-16,Nyeri Station,27126.16
2026-07-17,Nyeri Station,28096.32
2026-07-18,Nyeri Station,29734.53
2026-07-19,Nyeri Station,28908.55
2026-07-20,Nyeri Station,27243.99
2026-07-21,Nyeri Station,26882.4
2026-07-22,Nyeri Station,27772.65
2026-07-23,Nyeri Station,26848.91
2026-07-24,Nyeri Station,27706.4
2026-07-25,Nyeri Station,28962.64
2026-07-26,Nyeri Station,28026.49
2026-07-27,Nyeri Station,25767.84
2026-07-28,Nyeri Station,27464.98
2026-07-29,Nyeri Station,26723.56
2026-07-30,Nyeri Station,25593.56
2026-07-31,Nyeri Station,28121.92
2026-08-01,Nyeri Station,28993.9
2026-08-02,Nyeri Station,27937.53
2026-08-03,Nyeri Station,25588.92
2026-08-04,Nyeri Station,26408.17
2026-08-05,Nyeri Station,27110.12
2026-08-06,Nyeri Station,26644.76
2026-08-07,Nyeri Station,27002.64
2026-08-08,Nyeri Station,29177.1
2026-08-09,Nyeri Station,28976.23
2026-08-10,Nyeri Station,26457.87
2026-08-11,Nyeri Station,27462.5
2026-08-12,Nyeri Station,24366.64
2026-08-13,Nyeri Station,25598.31
2026-08-14,Nyeri Station,29386.48
2026-08-15,Nyeri Station,27557.08
2026-08-16,Nyeri Station,30121.13
2026-08-17,Nyeri Station,26386.68
2026-08-18,Nyeri Station,26784.54
2026-08-19,Nyeri Station,25590.2
2026-08-20,Nyeri Station,26749.96
2026-08-21,Nyeri Station,29760.76
2026-08-22,Nyeri Station,29055.94
2026-08-23,Nyeri Station,29054.54
2026-08-24,Nyeri Station,26282.29
2026-08-25,Nyeri Station,25327.8
2026-08-26,Nyeri Station,25927.14
2026-08-27,Nyeri Station,25921.26
2026-08-28,Nyeri Station,29170.0
2026-08-29,Nyeri Station,29686.63
2026-08-30,Nyeri Station,27956.7
2026-08-31,Nyeri Station,25940.22
2025-09-01,Machakos Depot,16530.11
2025-09-02,Machakos Depot,15723.21
2025-09-03,Machakos Depot,16797.59
2025-09-04,Machakos Depot,16911.98
2025-09-05,Machakos Depot,17177.53
2025-09-06,Machakos Depot,17567.56
2025-09-07,Machakos Depot,18426.49
2025-09-08,Machakos Depot,16161.16
2025-09-09,Machakos Depot,16342.14
2025-09-10,Machakos Depot,15841.93
2025-09-11,Machakos Depot,16883.13
2025-09-12,Machakos Depot,18824.12
2025-09-13,Machakos Depot,18399.22
2025-09-14,Machakos Depot,19038.31
2025-09-15,Machakos Depot,16645.06
2025-09-16,Machakos Depot,15851.77
2025-09-17,Machakos Depot,16591.6
2025-09-18,Machakos Depot,15798.25
2025-09-19,Machakos Depot,18904.09
2025-09-20,Machakos Depot,18350.73
2025-09-21,Machakos Depot,18273.64
2025-09-22,Machakos Depot,15980.1
2025-09-23,Machakos Depot,17126.49
2025-09-24,Machakos Depot,16304.79
2025-09-25,Machakos Depot,16145.26
2025-09-26,Machakos Depot,18195.96
2025-09-27,Machakos Depot,18731.82
2025-09-28,Machakos Depot,18637.12
2025-09-29,Machakos Depot,16671.13
2025-09-30,Machakos Depot,16687.85
2025-10-01,Machakos Depot,17720.43
2025-10-02,Machakos Depot,16197.9
2025-10-03,Machakos Depot,18140.93
2025-10-04,Machakos Depot,17966.76
2025-10-05,Machakos Depot,18831.58
2025-10-06,Machakos Depot,17146.57
2025-10-07,Machakos Depot,16408.23
2025-10-08,Machakos Depot,15980.14
2025-10-09,Machakos Depot,15997.4
2025-10-10,Machakos Depot,18890.52
2025-10-11,Machakos Depot,18954.41
2025-10-12,Machakos Depot,18842.87
2025-10-13,Machakos Depot,16126.4
2025-10-14,Machakos Depot,16673.95
2025-10-15,Machakos Depot,16613.83
2025-10-16,Machakos Depot,16684.41
2025-10-17,Machakos Depot,19085.65
2025-10-18,Machakos Depot,18706.76
2025-10-19,Machakos Depot,18989.97
2025-10-20,Machakos Depot,18883.4
2025-10-21,Machakos Depot,16776.76
2025-10-22,Machakos Depot,16992.71
2025-10-23,Machakos Depot,15750.51
2025-10-24,Machakos Depot,18444.06
2025-10-25,Machakos Depot,18364.91
2025-10-26,Machakos Depot,18275.28
2025-10-27,Machakos Depot,16505.19
2025-10-28,Machakos Depot,17579.12
2025-10-29,Machakos Depot,16174.72
2025-10-30,Machakos Depot,17287.46
2025-10-31,Machakos Depot,17709.23
2025-11-01,Machakos Depot,18530.68
2025-11-02,Machakos Depot,18842.11
2025-11-03,Machakos Depot,17109.23
2025-11-04,Machakos Depot,17197.45
2025-11-05,Machakos Depot,17260.13
2025-11-06,Machakos Depot,16588.48
2025-11-07,Machakos Depot,18534.08
2025-11-08,Machakos Depot,19340.22
2025-11-09,Machakos Depot,18724.78
2025-11-10,Machakos Depot,16088.45
2025-11-11,Machakos Depot,16188.36
2025-11-12,Machakos Depot,16331.3
2025-11-13,Machakos Depot,17196.08
2025-11-14,Machakos Depot,18998.2
2025-11-15,Machakos Depot,19342.17
2025-11-16,Machakos Depot,18686.82
2025-11-17,Machakos Depot,17053.74
2025-11-18,Machakos Depot,17349.57
2025-11-19,Machakos Depot,16804.35
2025-11-20,Machakos Depot,17279.92
2025-11-21,Machakos Depot,18624.74
2025-11-22,Machakos Depot,18820.25
2025-11-23,Machakos Depot,18825.36
2025-11-24,Machakos Depot,16353.36
2025-11-25,Machakos Depot,17379.63
2025-11-26,Machakos Depot,16822.53
2025-11-27,Machakos Depot,17128.51
2025-11-28,Machakos Depot,19426.43
2025-11-29,Machakos Depot,19422.99
2025-11-30,Machakos Depot,19571.51
2025-12-01,Machakos Depot,17130.51
2025-12-02,Machakos Depot,16953.05
2025-12-03,Machakos Depot,17176.73
2025-12-04,Machakos Depot,16229.8
2025-12-05,Machakos Depot,18391.68
2025-12-06,Machakos Depot,18484.16
2025-12-07,Machakos Depot,18697.37
2025-12-08,Machakos Depot,17553.6
2025-12-09,Machakos Depot,16788.56
2025-12-10,Machakos Depot,17123.14
2025-12-11,Machakos Depot,18147.84
2025-12-12,Machakos Depot,22172.89
2025-12-13,Machakos Depot,19847.58
2025-12-14,Machakos Depot,18863.38
2025-12-15,Machakos Depot,17318.84
2025-12-16,Machakos Depot,16890.7
2025-12-17,Machakos Depot,17275.97
2025-12-18,Machakos Depot,18002.29
2025-12-19,Machakos Depot,18480.49
2025-12-20,Machakos Depot,19796.36
2025-12-21,Machakos Depot,19697.21
2025-12-22,Machakos Depot,21466.98
2025-12-23,Machakos Depot,20974.77
2025-12-24,Machakos Depot,21904.65
2025-12-25,Machakos Depot,21562.68
2025-12-26,Machakos Depot,24039.0
2025-12-27,Machakos Depot,23931.54
2025-12-28,Machakos Depot,24898.55
2025-12-29,Machakos Depot,21812.94
2025-12-30,Machakos Depot,21361.53
2025-12-31,Machakos Depot,22102.28
2026-01-01,Machakos Depot,21399.02
2026-01-02,Machakos Depot,24101.61
2026-01-03,Machakos Depot,20306.24
2026-01-04,Machakos Depot,20038.35
2026-01-05,Machakos Depot,18721.26
2026-01-06,Machakos Depot,17149.04
2026-01-07,Machakos Depot,17497.45
2026-01-08,Machakos Depot,17344.33
2026-01-09,Machakos Depot,19685.34
2026-01-10,Machakos Depot,19112.12
2026-01-11,Machakos Depot,20338.1
2026-01-12,Machakos Depot,17842.51
2026-01-13,Machakos Depot,17112.14
2026-01-14,Machakos Depot,17404.02
2026-01-15,Machakos Depot,18220.15
2026-01-16,Machakos Depot,20553.55
2026-01-17,Machakos Depot,21267.28
2026-01-18,Machakos Depot,21836.06
2026-01-19,Machakos Depot,18354.82
2026-01-20,Machakos Depot,17530.82
2026-01-21,Machakos Depot,16863.6
2026-01-22,Machakos Depot,18321.67
2026-01-23,Machakos Depot,19691.41
2026-01-24,Machakos Depot,19948.0
2026-01-25,Machakos Depot,19847.91
2026-01-26,Machakos Depot,18148.55
2026-01-27,Machakos Depot,18890.38
2026-01-28,Machakos Depot,18362.69
2026-01-29,Machakos Depot,18190.84
2026-01-30,Machakos Depot,19682.09
2026-01-31,Machakos Depot,19316.02
2026-02-01,Machakos Depot,20046.28
2026-02-02,Machakos Depot,18322.91
2026-02-03,Machakos Depot,19432.94
2026-02-04,Machakos Depot,18467.22
2026-02-05,Machakos Depot,18995.45
2026-02-06,Machakos Depot,20122.85
2026-02-07,Machakos Depot,19727.95
2026-02-08,Machakos Depot,19876.21
2026-02-09,Machakos Depot,18036.36
2026-02-10,Machakos Depot,19764.65
2026-02-11,Machakos Depot,18010.67
2026-02-12,Machakos Depot,19022.38
2026-02-13,Machakos Depot,19993.17
2026-02-14,Machakos Depot,21109.35
2026-02-15,Machakos Depot,20796.71
2026-02-16,Machakos Depot,18486.92
2026-02-17,Machakos Depot,18571.46
2026-02-18,Machakos Depot,18217.89
2026-02-19,Machakos Depot,18893.09
2026-02-20,Machakos Depot,20366.97
2026-02-21,Machakos Depot,19918.94
2026-02-22,Machakos Depot,19901.71
2026-02-23,Machakos Depot,18786.02
2026-02-24,Machakos Depot,19643.74
2026-02-25,Machakos Depot,18805.91
2026-02-26,Machakos Depot,18652.19
2026-02-27,Machakos Depot,20908.14
2026-02-28,Machakos Depot,21533.33
2026-03-01,Machakos Depot,20894.25
2026-03-02,Machakos Depot,18528.77
2026-03-03,Machakos Depot,19451.61
2026-03-04,Machakos Depot,19057.41
2026-03-05,Machakos Depot,19733.73
2026-03-06,Machakos Depot,20934.14
2026-03-07,Machakos Depot,20101.24
2026-03-08,Machakos Depot,20026.55
2026-03-09,Machakos Depot,19849.32
2026-03-10,Machakos Depot,19904.08
2026-03-11,Machakos Depot,18773.08
2026-03-12,Machakos Depot,18661.58
2026-03-13,Machakos Depot,21778.85
2026-03-14,Machakos Depot,20248.04
2026-03-15,Machakos Depot,20385.51
2026-03-16,Machakos Depot,19318.2
2026-03-17,Machakos Depot,18705.09
2026-03-18,Machakos Depot,18948.21
2026-03-19,Machakos Depot,18862.44
2026-03-20,Machakos Depot,21172.05
2026-03-21,Machakos Depot,21822.78
2026-03-22,Machakos Depot,21041.21
2026-03-23,Machakos Depot,19381.57
2026-03-24,Machakos Depot,17773.23
2026-03-25,Machakos Depot,18982.01
2026-03-26,Machakos Depot,18513.0
2026-03-27,Machakos Depot,20295.12
2026-03-28,Machakos Depot,20506.76
2026-03-29,Machakos Depot,20840.2
2026-03-30,Machakos Depot,19597.03
2026-03-31,Machakos Depot,18258.23
2026-04-01,Machakos Depot,19078.81
2026-04-02,Machakos Depot,18776.07
2026-04-03,Machakos Depot,24125.88
2026-04-04,Machakos Depot,24929.84
2026-04-05,Machakos Depot,24656.53
2026-04-06,Machakos Depot,23141.35
2026-04-07,Machakos Depot,19001.24
2026-04-08,Machakos Depot,18681.19
2026-04-09,Machakos Depot,18969.03
2026-04-10,Machakos Depot,21253.21
2026-04-11,Machakos Depot,21217.81
2026-04-12,Machakos Depot,20465.16
2026-04-13,Machakos Depot,19173.8
2026-04-14,Machakos Depot,19259.94
2026-04-15,Machakos Depot,20636.77
2026-04-16,Machakos Depot,20255.45
2026-04-17,Machakos Depot,20620.25
2026-04-18,Machakos Depot,20962.4
2026-04-19,Machakos Depot,20259.19
2026-04-20,Machakos Depot,18785.04
2026-04-21,Machakos Depot,19330.83
2026-04-22,Machakos Depot,19866.77
2026-04-23,Machakos Depot,18707.39
2026-04-24,Machakos Depot,20753.72
2026-04-25,Machakos Depot,19859.01
2026-04-26,Machakos Depot,21050.75
2026-04-27,Machakos Depot,18511.66
2026-04-28,Machakos Depot,18832.01
2026-04-29,Machakos Depot,18623.93
2026-04-30,Machakos Depot,19093.65
2026-05-01,Machakos Depot,22095.54
2026-05-02,Machakos Depot,20269.73
2026-05-03,Machakos Depot,22427.1
2026-05-04,Machakos Depot,18376.49
2026-05-05,Machakos Depot,18490.08
2026-05-06,Machakos Depot,20249.33
2026-05-07,Machakos Depot,20889.06
2026-05-08,Machakos Depot,20441.74
2026-05-09,Machakos Depot,20922.21
2026-05-10,Machakos Depot,21346.39
2026-05-11,Machakos Depot,20176.8
2026-05-12,Machakos Depot,18545.43
2026-05-13,Machakos Depot,18988.16
2026-05-14,Machakos Depot,19599.35
2026-05-15,Machakos Depot,21391.26
2026-05-16,Machakos Depot,20902.0
2026-05-17,Machakos Depot,21044.53
2026-05-18,Machakos Depot,18296.86
2026-05-19,Machakos Depot,18975.72
2026-05-20,Machakos Depot,18955.46
2026-05-21,Machakos Depot,19251.12
2026-05-22,Machakos Depot,20774.99
2026-05-23,Machakos Depot,21387.35
2026-05-24,Machakos Depot,21708.15
2026-05-25,Machakos Depot,19189.73
2026-05-26,Machakos Depot,19303.35
2026-05-27,Machakos Depot,19119.88
2026-05-28,Machakos Depot,19083.6
2026-05-29,Machakos Depot,20646.05
2026-05-30,Machakos Depot,21264.2
2026-05-31,Machakos Depot,21011.14
2026-06-01,Machakos Depot,22820.49
2026-06-02,Machakos Depot,20003.58
2026-06-03,Machakos Depot,19285.94
2026-06-04,Machakos Depot,18591.36
2026-06-05,Machakos Depot,20376.4
2026-06-06,Machakos Depot,21753.1
2026-06-07,Machakos Depot,21190.53
2026-06-08,Machakos Depot,19315.34
2026-06-09,Machakos Depot,17974.79
2026-06-10,Machakos Depot,19572.21
2026-06-11,Machakos Depot,19282.52
2026-06-12,Machakos Depot,20337.65
2026-06-13,Machakos Depot,20714.97
2026-06-14,Machakos Depot,21150.01
2026-06-15,Machakos Depot,19017.1
2026-06-16,Machakos Depot,18804.09
2026-06-17,Machakos Depot,18911.01
2026-06-18,Machakos Depot,18815.58
2026-06-19,Machakos Depot,21051.91
2026-06-20,Machakos Depot,21836.83
2026-06-21,Machakos Depot,19407.45
2026-06-22,Machakos Depot,18798.81
2026-06-23,Machakos Depot,19040.27
2026-06-24,Machakos Depot,19105.36
2026-06-25,Machakos Depot,18697.99
2026-06-26,Machakos Depot,19860.46
2026-06-27,Machakos Depot,21104.62
2026-06-28,Machakos Depot,21937.54
2026-06-29,Machakos Depot,17974.12
2026-06-30,Machakos Depot,19406.02
2026-07-01,Machakos Depot,18683.89
2026-07-02,Machakos Depot,18837.49
2026-07-03,Machakos Depot,20235.82
2026-07-04,Machakos Depot,20660.18
2026-07-05,Machakos Depot,21634.17
2026-07-06,Machakos Depot,19197.05
2026-07-07,Machakos Depot,19880.17
2026-07-08,Machakos Depot,19540.57
2026-07-09,Machakos Depot,19090.95
2026-07-10,Machakos Depot,21867.25
2026-07-11,Machakos Depot,21077.72
2026-07-12,Machakos Depot,21304.58
2026-07-13,Machakos Depot,18623.35
2026-07-14,Machakos Depot,18834.77
2026-07-15,Machakos Depot,18369.98
2026-07-16,Machakos Depot,19375.83
2026-07-17,Machakos Depot,20068.8
2026-07-18,Machakos Depot,21238.95
2026-07-19,Machakos Depot,20648.97
2026-07-20,Machakos Depot,19459.99
2026-07-21,Machakos Depot,19201.72
2026-07-22,Machakos Depot,19837.61
2026-07-23,Machakos Depot,19177.79
2026-07-24,Machakos Depot,19790.28
2026-07-25,Machakos Depot,20687.6
2026-07-26,Machakos Depot,20018.92
2026-07-27,Machakos Depot,18405.6
2026-07-28,Machakos Depot,19617.84
2026-07-29,Machakos Depot,19088.26
2026-07-30,Machakos Depot,18281.12
2026-07-31,Machakos Depot,20087.08
2026-08-01,Machakos Depot,20709.93
2026-08-02,Machakos Depot,19955.38
2026-08-03,Machakos Depot,18277.8
2026-08-04,Machakos Depot,18862.98
2026-08-05,Machakos Depot,19364.37
2026-08-06,Machakos Depot,19031.97
2026-08-07,Machakos Depot,19287.6
2026-08-08,Machakos Depot,20840.79
2026-08-09,Machakos Depot,20697.31
2026-08-10,Machakos Depot,18898.48
2026-08-11,Machakos Depot,19616.07
2026-08-12,Machakos Depot,17404.74
2026-08-13,Machakos Depot,18284.51
2026-08-14,Machakos Depot,20990.35
2026-08-15,Machakos Depot,19683.63
2026-08-16,Machakos Depot,21515.09
2026-08-17,Machakos Depot,18847.63
2026-08-18,Machakos Depot,19131.82
2026-08-19,Machakos Depot,18278.71
2026-08-20,Machakos Depot,19107.12
2026-08-21,Machakos Depot,21257.68
2026-08-22,Machakos Depot,20754.24
2026-08-23,Machakos Depot,20753.24
2026-08-24,Machakos Depot,18773.06
2026-08-25,Machakos Depot,18091.29
2026-08-26,Machakos Depot,18519.39
2026-08-27,Machakos Depot,18515.19
2026-08-28,Machakos Depot,20835.72
2026-08-29,Machakos Depot,21204.74
2026-08-30,Machakos Depot,19969.07
2026-08-31,Machakos Depot,18528.73
